name,team,W,L,ERA,G,GS,CG,SHO,SV,SVO,IP,H,R,ER,HR,HB,BB,SO,WHIP,AVG,url
Lance Lynn,STL,--,--,4.70,--,--,--,--,--,--,7.2,1,4,4,0,0,0,9,0.13,.053,https://www.mlb.com/player/458681
Shelby Miller,ATL,--,--,9.82,--,--,--,--,--,--,7.1,3,11,8,0,0,1,6,0.55,.158,https://www.mlb.com/player/571946
Dallas Keuchel,HOU,--,--,14.73,--,--,--,--,--,--,7.1,4,13,12,0,0,3,2,0.95,.190,https://www.mlb.com/player/572971
Kyle Gibson,MIN,--,--,24.30,--,--,--,--,--,--,6.2,7,18,18,0,0,0,3,1.05,.350,https://www.mlb.com/player/502043
Tyson Ross,SD,--,--,19.89,--,--,--,--,--,--,6.1,2,14,14,0,0,2,4,0.63,.118,https://www.mlb.com/player/475115
Carlos Rodon,CWS,--,--,28.50,--,--,--,--,--,--,6.0,8,19,19,2,0,0,7,1.33,.364,https://www.mlb.com/player/607074
Ubaldo Jimenez,BAL,--,--,12.71,--,--,--,--,--,--,5.2,2,8,8,0,0,2,8,0.71,.118,https://www.mlb.com/player/434622
Wandy Rodriguez,KC,--,--,28.59,--,--,--,--,--,--,5.2,8,18,18,2,0,0,5,1.41,.381,https://www.mlb.com/player/434643
Mike Pelfrey,MIN,--,--,22.24,--,--,--,--,--,--,5.2,5,16,14,1,2,1,4,1.06,.278,https://www.mlb.com/player/460059
Garrett Richards,LAA,--,--,20.25,--,--,--,--,--,--,5.1,4,16,12,0,1,0,6,0.75,.235,https://www.mlb.com/player/572070
Tom Koehler,MIA,--,--,28.69,--,--,--,--,--,--,5.1,8,17,17,0,0,1,4,1.69,.381,https://www.mlb.com/player/543408
A.J. Burnett,PIT,--,--,6.75,--,--,--,--,--,--,5.1,2,4,4,0,0,0,5,0.38,.143,https://www.mlb.com/player/150359
Jeff Locke,PIT,--,--,28.69,--,--,--,--,--,--,5.1,6,23,17,0,0,1,2,1.31,.316,https://www.mlb.com/player/502046
Carlos Martinez,STL,--,--,27.00,--,--,--,--,--,--,5.1,5,18,16,0,0,1,5,1.13,.294,https://www.mlb.com/player/593372
Seth Maness,STL,--,--,6.75,--,--,--,--,--,--,5.1,3,5,4,0,0,0,6,0.56,.188,https://www.mlb.com/player/595307
Rubby De La Rosa,ARI,--,--,30.60,--,--,--,--,--,--,5.0,4,18,17,1,1,1,7,1.00,.250,https://www.mlb.com/player/523989
Andrew Chafin,ARI,--,--,14.40,--,--,--,--,--,--,5.0,5,8,8,1,0,0,6,1.00,.278,https://www.mlb.com/player/605177
Julio Teheran,ATL,--,--,19.80,--,--,--,--,--,--,5.0,2,14,11,0,1,0,3,0.40,.133,https://www.mlb.com/player/527054
Scott Oberg,COL,--,--,5.40,--,--,--,--,--,--,5.0,1,3,3,0,1,1,4,0.40,.077,https://www.mlb.com/player/623184
Jonathon Niese,NYM,--,--,30.60,--,--,--,--,--,--,5.0,5,17,17,1,0,0,0,1.00,.333,https://www.mlb.com/player/477003
Alex Colome,TB,--,--,12.60,--,--,--,--,--,--,5.0,4,7,7,0,1,1,2,1.00,.308,https://www.mlb.com/player/517008
Cole Hamels,TEX,--,--,32.40,--,--,--,--,--,--,5.0,5,18,18,1,0,1,6,1.20,.250,https://www.mlb.com/player/430935
Jeremy Hellickson,ARI,--,--,17.36,--,--,--,--,--,--,4.2,3,10,9,1,0,1,6,0.86,.188,https://www.mlb.com/player/476451
Darren O'Day,BAL,--,--,5.79,--,--,--,--,--,--,4.2,1,3,3,0,0,1,8,0.43,.077,https://www.mlb.com/player/503285
Miguel Gonzalez,BAL,--,--,27.00,--,--,--,--,--,--,4.2,4,14,14,0,0,1,0,1.07,.364,https://www.mlb.com/player/456068
Robbie Ross Jr.,BOS,--,--,3.86,--,--,--,--,--,--,4.2,4,3,2,1,0,1,2,1.07,.267,https://www.mlb.com/player/543726
Aroldis Chapman,CIN,--,--,0.00,--,--,--,--,--,--,4.2,1,0,0,0,2,0,10,0.21,.067,https://www.mlb.com/player/547973
Jorge De La Rosa,COL,--,--,23.14,--,--,--,--,--,--,4.2,3,12,12,0,0,3,6,1.29,.200,https://www.mlb.com/player/407822
Mike Fiers,HOU,--,--,25.07,--,--,--,--,--,--,4.2,4,17,13,2,0,0,5,0.86,.267,https://www.mlb.com/player/571666
Jeremy Guthrie,KC,--,--,25.07,--,--,--,--,--,--,4.2,3,14,13,0,2,1,4,0.86,.231,https://www.mlb.com/player/425386
Yordano Ventura,KC,--,--,19.29,--,--,--,--,--,--,4.2,2,10,10,0,0,1,5,0.64,.154,https://www.mlb.com/player/570649
Alex Wood,LAD,--,--,27.00,--,--,--,--,--,--,4.2,5,15,14,0,0,0,2,1.07,.313,https://www.mlb.com/player/622072
Aaron Harang,PHI,--,--,21.21,--,--,--,--,--,--,4.2,5,13,11,1,0,0,3,1.07,.263,https://www.mlb.com/player/421685
Jared Hughes,PIT,--,--,7.71,--,--,--,--,--,--,4.2,2,5,4,0,0,1,2,0.64,.143,https://www.mlb.com/player/453172
Felix Hernandez,SEA,--,--,15.43,--,--,--,--,--,--,4.2,1,8,8,1,0,0,3,0.21,.083,https://www.mlb.com/player/433587
Sam Dyson,TEX,--,--,11.57,--,--,--,--,--,--,4.2,2,6,6,0,0,3,3,1.07,.182,https://www.mlb.com/player/473879
Mark Buehrle,TOR,--,--,15.43,--,--,--,--,--,--,4.2,4,15,8,1,0,1,1,1.07,.286,https://www.mlb.com/player/279824
Clay Buchholz,BOS,--,--,12.46,--,--,--,--,--,--,4.1,3,12,6,0,0,0,7,0.69,.200,https://www.mlb.com/player/453329
AJ Ramos,MIA,--,--,10.38,--,--,--,--,--,--,4.1,2,5,5,0,0,2,5,0.92,.154,https://www.mlb.com/player/573109
Trevor May,MIN,--,--,8.31,--,--,--,--,--,--,4.1,2,4,4,1,0,0,6,0.46,.154,https://www.mlb.com/player/543507
CC Sabathia,NYY,--,--,10.38,--,--,--,--,--,--,4.1,1,7,5,0,0,0,3,0.23,.083,https://www.mlb.com/player/282332
Chasen Shreve,NYY,--,--,4.15,--,--,--,--,--,--,4.1,1,2,2,0,0,3,5,0.92,.077,https://www.mlb.com/player/592741
Sonny Gray,OAK,--,--,22.85,--,--,--,--,--,--,4.1,2,11,11,1,0,1,2,0.69,.167,https://www.mlb.com/player/543243
Tony Watson,PIT,--,--,6.23,--,--,--,--,--,--,4.1,0,3,3,0,0,0,2,0.00,.000,https://www.mlb.com/player/453265
James Shields,SD,--,--,20.77,--,--,--,--,--,--,4.1,2,11,10,0,0,0,6,0.46,.167,https://www.mlb.com/player/448306
Dan Jennings,CWS,--,--,18.00,--,--,--,--,--,--,4.0,7,8,8,0,0,2,3,2.25,.389,https://www.mlb.com/player/543359
Edinson Volquez,KC,--,--,15.75,--,--,--,--,--,--,4.0,2,9,7,0,0,2,2,1.00,.182,https://www.mlb.com/player/450172
Jimmy Nelson,MIL,--,--,31.50,--,--,--,--,--,--,4.0,6,14,14,0,0,1,1,1.75,.400,https://www.mlb.com/player/519076
Kevin Jepsen,MIN,--,--,4.50,--,--,--,--,--,--,4.0,0,3,2,0,0,0,1,0.00,.000,https://www.mlb.com/player/448178
Dellin Betances,NYY,--,--,6.75,--,--,--,--,--,--,4.0,1,3,3,0,0,2,8,0.75,.077,https://www.mlb.com/player/476454
Justin De Fratus,PHI,--,--,13.50,--,--,--,--,--,--,4.0,6,6,6,0,0,0,2,1.50,.400,https://www.mlb.com/player/518603
Francisco Liriano,PIT,--,--,24.75,--,--,--,--,--,--,4.0,2,11,11,0,0,1,2,0.75,.182,https://www.mlb.com/player/434538
Chris Heston,SF,--,--,20.25,--,--,--,--,--,--,4.0,4,9,9,0,1,0,4,1.00,.286,https://www.mlb.com/player/518790
Ryan Vogelsong,SF,--,--,24.75,--,--,--,--,--,--,4.0,3,12,11,0,0,3,2,1.50,.300,https://www.mlb.com/player/285064
Nick Martinez,TEX,--,--,24.75,--,--,--,--,--,--,4.0,2,13,11,1,1,0,3,0.50,.167,https://www.mlb.com/player/607259
Gio Gonzalez,WSH,--,--,47.25,--,--,--,--,--,--,4.0,5,21,21,0,0,3,1,2.00,.417,https://www.mlb.com/player/461829
Jordan Zimmermann,WSH,--,--,27.00,--,--,--,--,--,--,4.0,5,12,12,1,0,0,4,1.25,.313,https://www.mlb.com/player/519455
Eduardo Rodriguez,BOS,--,--,7.36,--,--,--,--,--,--,3.2,1,4,3,0,0,0,2,0.27,.100,https://www.mlb.com/player/593958
Joe Kelly,BOS,--,--,24.55,--,--,--,--,--,--,3.2,2,11,10,0,0,1,3,0.82,.200,https://www.mlb.com/player/523260
Jake Arrieta,CHC,--,--,7.36,--,--,--,--,--,--,3.2,1,6,3,0,0,0,1,0.27,.091,https://www.mlb.com/player/453562
Jeff Samardzija,CWS,--,--,54.00,--,--,--,--,--,--,3.2,6,23,22,1,1,0,2,1.64,.429,https://www.mlb.com/player/502188
Michael Lorenzen,CIN,--,--,14.73,--,--,--,--,--,--,3.2,2,8,6,0,0,0,2,0.55,.182,https://www.mlb.com/player/547179
Trevor Bauer,CLE,--,--,58.91,--,--,--,--,--,--,3.2,8,24,24,2,0,1,6,2.45,.421,https://www.mlb.com/player/545333
Eddie Butler,COL,--,--,7.36,--,--,--,--,--,--,3.2,1,5,3,0,0,0,2,0.27,.083,https://www.mlb.com/player/572750
Justin Verlander,DET,--,--,14.73,--,--,--,--,--,--,3.2,4,8,6,0,0,1,3,1.36,.308,https://www.mlb.com/player/434378
Scott Kazmir,HOU,--,--,17.18,--,--,--,--,--,--,3.2,1,8,7,0,1,1,3,0.55,.111,https://www.mlb.com/player/431148
Jose Alvarez,LAA,--,--,7.36,--,--,--,--,--,--,3.2,2,4,3,0,0,0,2,0.55,.200,https://www.mlb.com/player/501625
Andrew Cashner,SD,--,--,34.36,--,--,--,--,--,--,3.2,5,16,14,0,2,1,3,1.64,.357,https://www.mlb.com/player/488768
Ian Kennedy,SD,--,--,9.82,--,--,--,--,--,--,3.2,2,12,4,1,0,0,2,0.55,.200,https://www.mlb.com/player/453178
Mike Leake,SF,--,--,19.64,--,--,--,--,--,--,3.2,3,8,8,1,0,1,1,1.09,.250,https://www.mlb.com/player/502190
Tom Wilhelmsen,SEA,--,--,7.36,--,--,--,--,--,--,3.2,7,3,3,0,0,1,2,2.18,.467,https://www.mlb.com/player/452666
Colby Lewis,TEX,--,--,36.82,--,--,--,--,--,--,3.2,2,16,15,1,0,1,2,0.82,.250,https://www.mlb.com/player/407890
Drew Hutchison,TOR,--,--,14.73,--,--,--,--,--,--,3.2,1,6,6,0,0,1,4,0.55,.091,https://www.mlb.com/player/571800
Ross Detwiler,ATL,--,--,32.40,--,--,--,--,--,--,3.1,5,15,12,0,0,2,2,2.10,.417,https://www.mlb.com/player/446321
Jake Petricka,CWS,--,--,10.80,--,--,--,--,--,--,3.1,0,4,4,0,0,0,2,0.00,.000,https://www.mlb.com/player/502593
Cody Allen,CLE,--,--,21.60,--,--,--,--,--,--,3.1,4,8,8,0,0,0,2,1.20,.308,https://www.mlb.com/player/592102
Ryan Webb,CLE,--,--,2.70,--,--,--,--,--,--,3.1,0,1,1,0,0,0,0,0.00,.000,https://www.mlb.com/player/444436
Corey Kluber,CLE,--,--,18.90,--,--,--,--,--,--,3.1,2,7,7,0,0,0,2,0.60,.250,https://www.mlb.com/player/446372
Johnny Cueto,KC,--,--,21.60,--,--,--,--,--,--,3.1,2,9,8,0,0,3,3,1.50,.182,https://www.mlb.com/player/456501
Hector Santiago,LAA,--,--,18.90,--,--,--,--,--,--,3.1,2,12,7,0,1,1,4,0.90,.154,https://www.mlb.com/player/502327
Jose Fernandez,MIA,--,--,8.10,--,--,--,--,--,--,3.1,1,3,3,0,0,0,1,0.30,.125,https://www.mlb.com/player/605228
David Phelps,MIA,--,--,32.40,--,--,--,--,--,--,3.1,4,14,12,0,0,1,2,1.50,.444,https://www.mlb.com/player/475479
Wily Peralta,MIL,--,--,18.90,--,--,--,--,--,--,3.1,2,7,7,0,0,1,1,0.90,.222,https://www.mlb.com/player/503449
Bartolo Colon,NYM,--,--,27.00,--,--,--,--,--,--,3.1,1,10,10,0,1,0,2,0.30,.111,https://www.mlb.com/player/112526
John Lackey,STL,--,--,13.50,--,--,--,--,--,--,3.1,2,5,5,0,0,0,2,0.60,.200,https://www.mlb.com/player/407793
Yovani Gallardo,TEX,--,--,10.80,--,--,--,--,--,--,3.1,0,4,4,0,0,0,3,0.00,.000,https://www.mlb.com/player/451596
Roberto Osuna,TOR,--,--,10.80,--,--,--,--,--,--,3.1,1,4,4,0,0,0,4,0.30,.111,https://www.mlb.com/player/532077
Josh Collmenter,ARI,--,--,15.00,--,--,--,--,--,--,3.0,1,5,5,0,0,0,2,0.33,.111,https://www.mlb.com/player/518567
Chaz Roe,BAL,--,--,6.00,--,--,--,--,--,--,3.0,0,2,2,0,0,0,1,0.00,.000,https://www.mlb.com/player/475054
Rick Porcello,BOS,--,--,39.00,--,--,--,--,--,--,3.0,3,15,13,0,1,0,0,1.00,.300,https://www.mlb.com/player/519144
Dan Haren,CHC,--,--,12.00,--,--,--,--,--,--,3.0,1,5,4,0,0,0,2,0.33,.125,https://www.mlb.com/player/429717
Jose Quintana,CWS,--,--,18.00,--,--,--,--,--,--,3.0,2,6,6,1,0,0,1,0.67,.182,https://www.mlb.com/player/500779
Scott Carroll,CWS,--,--,6.00,--,--,--,--,--,--,3.0,2,2,2,0,0,0,1,0.67,.200,https://www.mlb.com/player/453222
Anthony DeSclafani,CIN,--,--,18.00,--,--,--,--,--,--,3.0,3,9,6,0,0,0,2,1.00,.300,https://www.mlb.com/player/543101
Pedro Villarreal,CIN,--,--,15.00,--,--,--,--,--,--,3.0,1,5,5,0,0,1,2,0.67,.111,https://www.mlb.com/player/543881
Chris Rusin,COL,--,--,21.00,--,--,--,--,--,--,3.0,2,8,7,0,0,1,0,1.00,.200,https://www.mlb.com/player/543734
Scott Feldman,HOU,--,--,24.00,--,--,--,--,--,--,3.0,1,9,8,0,0,1,1,0.67,.143,https://www.mlb.com/player/444857
Lance McCullers Jr.,HOU,--,--,15.00,--,--,--,--,--,--,3.0,0,7,5,0,0,2,2,0.67,.000,https://www.mlb.com/player/621121
Cesar Ramos,LAA,--,--,3.00,--,--,--,--,--,--,3.0,2,1,1,0,0,1,3,1.00,.200,https://www.mlb.com/player/459987
Luis Avilan,LAD,--,--,9.00,--,--,--,--,--,--,3.0,1,3,3,0,0,1,1,0.67,.125,https://www.mlb.com/player/501593
Zack Greinke,LAD,--,--,9.00,--,--,--,--,--,--,3.0,1,4,3,0,1,0,4,0.33,.111,https://www.mlb.com/player/425844
Matt Garza,MIL,--,--,51.00,--,--,--,--,--,--,3.0,5,17,17,1,0,0,2,1.67,.417,https://www.mlb.com/player/490063
Taylor Jungmann,MIL,--,--,18.00,--,--,--,--,--,--,3.0,2,8,6,0,0,0,3,0.67,.222,https://www.mlb.com/player/543380
Jeurys Familia,NYM,--,--,3.00,--,--,--,--,--,--,3.0,0,1,1,0,0,3,3,1.00,.000,https://www.mlb.com/player/544727
Addison Reed,NYM,--,--,15.00,--,--,--,--,--,--,3.0,4,5,5,1,0,1,3,1.67,.364,https://www.mlb.com/player/592665
Chris Bassitt,OAK,--,--,6.00,--,--,--,--,--,--,3.0,1,4,2,0,0,0,1,0.33,.143,https://www.mlb.com/player/605135
Jerome Williams,PHI,--,--,39.00,--,--,--,--,--,--,3.0,6,13,13,0,0,0,2,2.00,.500,https://www.mlb.com/player/425532
Gerrit Cole,PIT,--,--,6.00,--,--,--,--,--,--,3.0,0,3,2,0,0,0,3,0.00,.000,https://www.mlb.com/player/543037
JC Ramirez,SEA,--,--,0.00,--,--,--,--,--,--,3.0,2,0,0,0,0,0,1,0.67,.200,https://www.mlb.com/player/500724
Mike Montgomery,SEA,--,--,24.00,--,--,--,--,--,--,3.0,2,9,8,1,0,1,2,1.00,.200,https://www.mlb.com/player/543557
Erasmo Ramirez,TB,--,--,48.00,--,--,--,--,--,--,3.0,7,19,16,1,0,1,2,2.67,.467,https://www.mlb.com/player/541640
Anthony Bass,TEX,--,--,15.00,--,--,--,--,--,--,3.0,2,6,5,0,0,0,3,0.67,.222,https://www.mlb.com/player/542914
Liam Hendriks,TOR,--,--,9.00,--,--,--,--,--,--,3.0,0,3,3,0,0,0,5,0.00,.000,https://www.mlb.com/player/521230
David Price,TOR,--,--,24.00,--,--,--,--,--,--,3.0,4,11,8,0,0,0,4,1.33,.364,https://www.mlb.com/player/456034
Randall Delgado,ARI,--,--,16.88,--,--,--,--,--,--,2.2,1,6,5,0,0,1,1,0.75,.100,https://www.mlb.com/player/517414
Sugar Ray Marimon,ATL,--,--,6.75,--,--,--,--,--,--,2.2,1,2,2,0,0,2,1,1.13,.111,https://www.mlb.com/player/516970
Wei-Yin Chen,BAL,--,--,10.13,--,--,--,--,--,--,2.2,0,6,3,0,0,2,3,0.75,.000,https://www.mlb.com/player/612672
Brad Brach,BAL,--,--,10.13,--,--,--,--,--,--,2.2,3,3,3,0,0,1,3,1.50,.375,https://www.mlb.com/player/542960
Tommy Hunter,CHC,--,--,40.50,--,--,--,--,--,--,2.2,4,12,12,1,0,0,3,1.50,.364,https://www.mlb.com/player/488984
Kyle Hendricks,CHC,--,--,67.50,--,--,--,--,--,--,2.2,6,20,20,0,0,1,2,2.63,.375,https://www.mlb.com/player/543294
Daniel Webb,CWS,--,--,40.50,--,--,--,--,--,--,2.2,4,15,12,0,0,0,0,1.50,.400,https://www.mlb.com/player/543900
Zach Duke,CWS,--,--,6.75,--,--,--,--,--,--,2.2,1,5,2,0,0,2,2,1.13,.143,https://www.mlb.com/player/435043
Christian Friedrich,COL,--,--,23.63,--,--,--,--,--,--,2.2,4,7,7,0,0,0,2,1.50,.400,https://www.mlb.com/player/543184
Anibal Sanchez,DET,--,--,60.75,--,--,--,--,--,--,2.2,5,18,18,1,0,1,1,2.25,.385,https://www.mlb.com/player/434671
Alex Wilson,DET,--,--,20.25,--,--,--,--,--,--,2.2,5,7,6,1,1,0,1,1.88,.455,https://www.mlb.com/player/543935
Collin McHugh,HOU,--,--,30.38,--,--,--,--,--,--,2.2,4,9,9,0,0,0,1,1.50,.364,https://www.mlb.com/player/543521
Will Harris,HOU,--,--,0.00,--,--,--,--,--,--,2.2,1,0,0,0,0,0,1,0.38,.143,https://www.mlb.com/player/501789
Kelvin Herrera,KC,--,--,16.88,--,--,--,--,--,--,2.2,2,6,5,1,0,0,3,0.75,.250,https://www.mlb.com/player/516969
C.J. Wilson,LAA,--,--,20.25,--,--,--,--,--,--,2.2,1,6,6,0,1,1,2,0.75,.167,https://www.mlb.com/player/450351
Pedro Baez,LAD,--,--,3.38,--,--,--,--,--,--,2.2,0,3,1,0,0,0,4,0.00,.000,https://www.mlb.com/player/520980
Juan Nicasio,LAD,--,--,13.50,--,--,--,--,--,--,2.2,1,4,4,0,0,0,3,0.38,.125,https://www.mlb.com/player/504379
Adam Conley,MIA,--,--,20.25,--,--,--,--,--,--,2.2,1,6,6,0,0,0,3,0.38,.167,https://www.mlb.com/player/543045
David Goforth,MIL,--,--,3.38,--,--,--,--,--,--,2.2,1,2,1,0,0,0,1,0.38,.143,https://www.mlb.com/player/592341
Kyle Lohse,MIL,--,--,10.13,--,--,--,--,--,--,2.2,1,3,3,0,0,0,1,0.38,.143,https://www.mlb.com/player/346798
Noah Syndergaard,NYM,--,--,20.25,--,--,--,--,--,--,2.2,3,6,6,0,0,0,1,1.13,.333,https://www.mlb.com/player/592789
Alex Torres,NYM,--,--,6.75,--,--,--,--,--,--,2.2,1,2,2,0,0,0,4,0.38,.125,https://www.mlb.com/player/456776
Matt Harvey,NYM,--,--,20.25,--,--,--,--,--,--,2.2,1,6,6,0,0,0,1,0.38,.125,https://www.mlb.com/player/518774
J.A. Happ,PIT,--,--,40.50,--,--,--,--,--,--,2.2,3,12,12,1,0,3,2,2.25,.273,https://www.mlb.com/player/457918
Frank Garces,SD,--,--,3.38,--,--,--,--,--,--,2.2,2,1,1,0,0,0,1,0.75,.333,https://www.mlb.com/player/571057
James Paxton,SEA,--,--,20.25,--,--,--,--,--,--,2.2,1,9,6,0,0,2,3,1.13,.111,https://www.mlb.com/player/572020
Mayckol Guaipe,SEA,--,--,13.50,--,--,--,--,--,--,2.2,1,4,4,0,0,0,1,0.38,.167,https://www.mlb.com/player/515052
Michael Wacha,STL,--,--,43.88,--,--,--,--,--,--,2.2,5,17,13,2,0,0,2,1.88,.500,https://www.mlb.com/player/608379
Nate Karns,TB,--,--,13.50,--,--,--,--,--,--,2.2,0,5,4,0,0,0,0,0.00,.000,https://www.mlb.com/player/501992
Marco Estrada,TOR,--,--,3.38,--,--,--,--,--,--,2.2,0,4,1,0,0,3,2,1.13,.000,https://www.mlb.com/player/462136
Brad Ziegler,ARI,--,--,7.71,--,--,--,--,--,--,2.1,1,5,2,0,0,0,1,0.43,.143,https://www.mlb.com/player/446899
Vance Worley,BAL,--,--,15.43,--,--,--,--,--,--,2.1,2,5,4,0,0,1,0,1.29,.333,https://www.mlb.com/player/474699
Fernando Rodney,CHC,--,--,38.57,--,--,--,--,--,--,2.1,2,11,10,0,0,1,2,1.29,.250,https://www.mlb.com/player/407845
Ryan Mattheus,CIN,--,--,30.86,--,--,--,--,--,--,2.1,4,9,8,0,0,1,2,2.14,.444,https://www.mlb.com/player/458919
Tyler Matzek,COL,--,--,3.86,--,--,--,--,--,--,2.1,0,1,1,0,0,0,1,0.00,.000,https://www.mlb.com/player/554431
John Axford,COL,--,--,50.14,--,--,--,--,--,--,2.1,4,13,13,0,0,2,3,2.57,.400,https://www.mlb.com/player/446099
Tom Gorzelanny,DET,--,--,38.57,--,--,--,--,--,--,2.1,6,10,10,1,1,2,1,3.43,.545,https://www.mlb.com/player/452733
Alfredo Simon,DET,--,--,54.00,--,--,--,--,--,--,2.1,3,14,14,0,0,0,0,1.29,.375,https://www.mlb.com/player/430580
Danny Duffy,KC,--,--,15.43,--,--,--,--,--,--,2.1,1,4,4,0,0,1,1,0.86,.143,https://www.mlb.com/player/518633
Greg Holland,KC,--,--,7.71,--,--,--,--,--,--,2.1,1,2,2,0,0,1,3,0.86,.167,https://www.mlb.com/player/518813
Wade Davis,KC,--,--,0.00,--,--,--,--,--,--,2.1,0,0,0,0,0,0,4,0.00,.000,https://www.mlb.com/player/451584
Jered Weaver,LAA,--,--,34.71,--,--,--,--,--,--,2.1,3,9,9,1,0,0,0,1.29,.300,https://www.mlb.com/player/450308
Clayton Kershaw,LAD,--,--,23.14,--,--,--,--,--,--,2.1,1,7,6,0,0,1,3,0.86,.125,https://www.mlb.com/player/477132
Jim Johnson,LAD,--,--,30.86,--,--,--,--,--,--,2.1,3,8,8,0,0,0,2,1.29,.375,https://www.mlb.com/player/462382
Brett Anderson,LAD,--,--,46.29,--,--,--,--,--,--,2.1,5,13,12,1,0,1,1,2.57,.455,https://www.mlb.com/player/474463
Kyle Barraclough,MIA,--,--,0.00,--,--,--,--,--,--,2.1,0,0,0,0,0,0,3,0.00,.000,https://www.mlb.com/player/607457
Tyler Duffey,MIN,--,--,42.43,--,--,--,--,--,--,2.1,4,11,11,1,0,1,2,2.14,.400,https://www.mlb.com/player/608648
Hansel Robles,NYM,--,--,15.43,--,--,--,--,--,--,2.1,3,4,4,1,0,0,4,1.29,.300,https://www.mlb.com/player/570663
Justin Wilson,NYY,--,--,15.43,--,--,--,--,--,--,2.1,1,4,4,0,0,0,5,0.43,.125,https://www.mlb.com/player/458677
Charlie Morton,PIT,--,--,30.86,--,--,--,--,--,--,2.1,2,10,8,0,0,1,2,1.29,.250,https://www.mlb.com/player/450203
Madison Bumgarner,SF,--,--,34.71,--,--,--,--,--,--,2.1,2,10,9,1,0,0,1,0.86,.250,https://www.mlb.com/player/518516
Yusmeiro Petit,SF,--,--,11.57,--,--,--,--,--,--,2.1,1,3,3,0,0,1,1,0.86,.250,https://www.mlb.com/player/433589
Hisashi Iwakuma,SEA,--,--,23.14,--,--,--,--,--,--,2.1,2,6,6,0,0,0,2,0.86,.222,https://www.mlb.com/player/547874
Steve Cishek,STL,--,--,23.14,--,--,--,--,--,--,2.1,3,10,6,0,0,1,2,1.71,.375,https://www.mlb.com/player/518553
Martin Perez,TEX,--,--,38.57,--,--,--,--,--,--,2.1,4,12,10,0,0,0,2,1.71,.400,https://www.mlb.com/player/527048
Aaron Sanchez,TOR,--,--,11.57,--,--,--,--,--,--,2.1,0,3,3,0,0,0,1,0.00,.000,https://www.mlb.com/player/592717
Williams Perez,ATL,--,--,63.00,--,--,--,--,--,--,2.0,3,14,14,0,0,1,0,2.00,.429,https://www.mlb.com/player/554234
Jason Frasor,ATL,--,--,0.00,--,--,--,--,--,--,2.0,1,0,0,0,0,0,1,0.50,.167,https://www.mlb.com/player/430630
Edwin Jackson,ATL,--,--,13.50,--,--,--,--,--,--,2.0,1,5,3,0,0,1,1,1.00,.250,https://www.mlb.com/player/429719
Brandon Cunniff,ATL,--,--,31.50,--,--,--,--,--,--,2.0,3,7,7,0,0,1,2,2.00,.375,https://www.mlb.com/player/594792
Mike Wright,BAL,--,--,27.00,--,--,--,--,--,--,2.0,0,6,6,0,0,1,1,0.50,.000,https://www.mlb.com/player/605541
Jean Machi,BOS,--,--,18.00,--,--,--,--,--,--,2.0,1,4,4,0,0,1,2,1.00,.167,https://www.mlb.com/player/466948
Tommy Layne,BOS,--,--,22.50,--,--,--,--,--,--,2.0,2,6,5,0,0,2,0,2.00,.333,https://www.mlb.com/player/518927
Pedro Strop,CHC,--,--,36.00,--,--,--,--,--,--,2.0,5,8,8,0,0,0,2,2.50,.625,https://www.mlb.com/player/467008
Clayton Richard,CHC,--,--,9.00,--,--,--,--,--,--,2.0,2,2,2,0,0,0,1,1.00,.222,https://www.mlb.com/player/453385
Frankie Montas,CWS,--,--,13.50,--,--,--,--,--,--,2.0,2,3,3,0,0,0,4,1.00,.286,https://www.mlb.com/player/593423
Burke Badenhop,CIN,--,--,40.50,--,--,--,--,--,--,2.0,6,9,9,1,0,0,3,3.00,.500,https://www.mlb.com/player/488674
Josh A. Smith,CIN,--,--,18.00,--,--,--,--,--,--,2.0,0,4,4,0,0,0,2,0.00,.000,https://www.mlb.com/player/595001
Tony Cingrani,CIN,--,--,36.00,--,--,--,--,--,--,2.0,4,8,8,1,0,2,4,3.00,.400,https://www.mlb.com/player/571561
Jumbo Diaz,CIN,--,--,31.50,--,--,--,--,--,--,2.0,3,7,7,1,1,0,2,1.50,.375,https://www.mlb.com/player/471822
Jeff Manship,CLE,--,--,0.00,--,--,--,--,--,--,2.0,1,0,0,0,0,0,3,0.50,.167,https://www.mlb.com/player/453249
Chad Bettis,COL,--,--,4.50,--,--,--,--,--,--,2.0,1,1,1,0,0,0,2,0.50,.143,https://www.mlb.com/player/518452
Al Alburquerque,DET,--,--,31.50,--,--,--,--,--,--,2.0,1,7,7,0,0,0,4,0.50,.143,https://www.mlb.com/player/456379
Oliver Perez,HOU,--,--,13.50,--,--,--,--,--,--,2.0,1,5,3,0,0,0,1,0.50,.143,https://www.mlb.com/player/424144
Huston Street,LAA,--,--,13.50,--,--,--,--,--,--,2.0,1,3,3,0,0,0,1,0.50,.167,https://www.mlb.com/player/434718
Mat Latos,LAA,--,--,31.50,--,--,--,--,--,--,2.0,2,7,7,1,0,0,2,1.00,.333,https://www.mlb.com/player/502009
Joe Smith,LAA,--,--,45.00,--,--,--,--,--,--,2.0,5,10,10,1,0,0,3,2.50,.455,https://www.mlb.com/player/501925
Andrew Heaney,LAA,--,--,36.00,--,--,--,--,--,--,2.0,1,8,8,0,1,1,1,1.00,.167,https://www.mlb.com/player/571760
Mike Bolsinger,LAD,--,--,40.50,--,--,--,--,--,--,2.0,3,9,9,1,0,0,1,1.50,.429,https://www.mlb.com/player/502211
J.P. Howell,LAD,--,--,0.00,--,--,--,--,--,--,2.0,3,1,0,0,0,0,2,1.50,.375,https://www.mlb.com/player/434442
Brad Hand,MIA,--,--,45.00,--,--,--,--,--,--,2.0,2,10,10,0,0,2,0,2.00,.400,https://www.mlb.com/player/543272
Mike Dunn,MIA,--,--,4.50,--,--,--,--,--,--,2.0,1,1,1,0,0,2,4,1.50,.125,https://www.mlb.com/player/445197
Jarred Cosart,MIA,--,--,63.00,--,--,--,--,--,--,2.0,4,14,14,2,0,1,4,2.50,.444,https://www.mlb.com/player/543054
Jose Urena,MIA,--,--,13.50,--,--,--,--,--,--,2.0,2,3,3,0,0,0,0,1.00,.400,https://www.mlb.com/player/570632
Jeremy Jeffress,MIL,--,--,22.50,--,--,--,--,--,--,2.0,2,5,5,0,0,1,1,1.50,.333,https://www.mlb.com/player/502026
Tyler Thornburg,MIL,--,--,13.50,--,--,--,--,--,--,2.0,0,3,3,0,1,1,3,0.50,.000,https://www.mlb.com/player/592804
Jacob deGrom,NYM,--,--,22.50,--,--,--,--,--,--,2.0,1,5,5,0,0,0,1,0.50,.250,https://www.mlb.com/player/594798
Tyler Clippard,NYM,--,--,18.00,--,--,--,--,--,--,2.0,1,6,4,0,0,1,4,1.00,.167,https://www.mlb.com/player/461325
Logan Verrett,NYM,--,--,9.00,--,--,--,--,--,--,2.0,1,2,2,0,0,0,2,0.50,.167,https://www.mlb.com/player/548337
Sergio Santos,NYY,--,--,0.00,--,--,--,--,--,--,2.0,0,0,0,0,0,1,3,0.50,.000,https://www.mlb.com/player/435045
Adam Warren,NYY,--,--,36.00,--,--,--,--,--,--,2.0,3,9,8,0,0,1,2,2.00,.333,https://www.mlb.com/player/476589
Fernando Abad,OAK,--,--,9.00,--,--,--,--,--,--,2.0,2,2,2,0,0,0,4,1.00,.250,https://www.mlb.com/player/472551
Jesse Hahn,OAK,--,--,18.00,--,--,--,--,--,--,2.0,1,5,4,0,1,1,0,1.00,.167,https://www.mlb.com/player/534910
Jeanmar Gomez,PHI,--,--,4.50,--,--,--,--,--,--,2.0,1,1,1,0,0,1,2,1.00,.167,https://www.mlb.com/player/491646
Dalier Hinojosa,PHI,--,--,4.50,--,--,--,--,--,--,2.0,0,1,1,0,0,0,0,0.00,.000,https://www.mlb.com/player/648737
Luis Garcia,PHI,--,--,9.00,--,--,--,--,--,--,2.0,1,2,2,0,0,1,3,1.00,.167,https://www.mlb.com/player/472610
Antonio Bastardo,PIT,--,--,4.50,--,--,--,--,--,--,2.0,0,1,1,0,0,1,0,0.50,.000,https://www.mlb.com/player/455374
Tyler Lyons,STL,--,--,13.50,--,--,--,--,--,--,2.0,0,3,3,0,0,0,0,0.00,.000,https://www.mlb.com/player/544928
Matt Moore,TB,--,--,40.50,--,--,--,--,--,--,2.0,3,9,9,0,1,0,0,1.50,.429,https://www.mlb.com/player/519043
Brandon Gomes,TB,--,--,31.50,--,--,--,--,--,--,2.0,4,7,7,1,0,1,1,2.50,.444,https://www.mlb.com/player/460156
Jake Odorizzi,TB,--,--,4.50,--,--,--,--,--,--,2.0,0,2,1,0,0,0,0,0.00,.000,https://www.mlb.com/player/543606
Chris Archer,TB,--,--,58.50,--,--,--,--,--,--,2.0,4,13,13,0,0,3,2,3.50,.444,https://www.mlb.com/player/502042
Shawn Tolleson,TEX,--,--,22.50,--,--,--,--,--,--,2.0,2,5,5,0,0,0,3,1.00,.286,https://www.mlb.com/player/474521
Sam Freeman,TEX,--,--,13.50,--,--,--,--,--,--,2.0,2,3,3,0,0,2,4,2.00,.250,https://www.mlb.com/player/518693
Blake Treinen,WSH,--,--,54.00,--,--,--,--,--,--,2.0,6,12,12,0,0,0,1,3.00,.600,https://www.mlb.com/player/595014
Tanner Roark,WSH,--,--,9.00,--,--,--,--,--,--,2.0,1,3,2,0,0,1,1,1.00,.200,https://www.mlb.com/player/543699
Drew Storen,WSH,--,--,27.00,--,--,--,--,--,--,2.0,2,7,6,1,0,1,0,1.50,.400,https://www.mlb.com/player/519322
Zack Godley,ARI,--,--,21.60,--,--,--,--,--,--,1.2,0,4,4,0,0,3,2,1.80,.000,https://www.mlb.com/player/643327
Daniel Hudson,ARI,--,--,16.20,--,--,--,--,--,--,1.2,1,5,3,0,0,0,0,0.60,.333,https://www.mlb.com/player/543339
David Aardsma,ATL,--,--,5.40,--,--,--,--,--,--,1.2,0,1,1,0,0,0,2,0.00,.000,https://www.mlb.com/player/430911
Andrew McKirahan,ATL,--,--,21.60,--,--,--,--,--,--,1.2,3,4,4,0,0,0,2,1.80,.429,https://www.mlb.com/player/605374
Mike Foltynewicz,ATL,--,--,21.60,--,--,--,--,--,--,1.2,4,6,4,0,0,0,1,2.40,.571,https://www.mlb.com/player/592314
Wade Miley,BOS,--,--,75.60,--,--,--,--,--,--,1.2,6,15,14,0,0,2,1,4.80,.545,https://www.mlb.com/player/489119
Roman Mendez,BOS,--,--,5.40,--,--,--,--,--,--,1.2,3,1,1,0,0,0,1,1.80,.600,https://www.mlb.com/player/542669
Henry Owens,BOS,--,--,27.00,--,--,--,--,--,--,1.2,2,6,5,0,0,0,0,1.20,.500,https://www.mlb.com/player/596064
Craig Breslow,BOS,--,--,10.80,--,--,--,--,--,--,1.2,2,3,2,0,0,0,1,1.20,.400,https://www.mlb.com/player/444520
Alexi Ogando,BOS,--,--,16.20,--,--,--,--,--,--,1.2,1,3,3,0,0,1,1,1.20,.200,https://www.mlb.com/player/468396
Hector Rondon,CHC,--,--,0.00,--,--,--,--,--,--,1.2,0,0,0,0,0,0,3,0.00,.000,https://www.mlb.com/player/444468
Jason Motte,CHC,--,--,27.00,--,--,--,--,--,--,1.2,2,5,5,0,0,0,1,1.20,.333,https://www.mlb.com/player/435400
Travis Wood,CHC,--,--,37.80,--,--,--,--,--,--,1.2,3,11,7,1,0,0,4,1.80,.375,https://www.mlb.com/player/475243
Zac Rosscup,CHC,--,--,0.00,--,--,--,--,--,--,1.2,1,0,0,0,0,1,2,1.20,.167,https://www.mlb.com/player/573127
John Danks,CWS,--,--,54.00,--,--,--,--,--,--,1.2,5,13,10,1,0,0,1,3.00,.556,https://www.mlb.com/player/433579
Erik Johnson,CWS,--,--,5.40,--,--,--,--,--,--,1.2,0,2,1,0,0,0,2,0.00,.000,https://www.mlb.com/player/605304
Bryan Shaw,CLE,--,--,10.80,--,--,--,--,--,--,1.2,2,2,2,0,0,0,2,1.20,.333,https://www.mlb.com/player/543766
Chad Qualls,HOU,--,--,10.80,--,--,--,--,--,--,1.2,1,2,2,0,0,1,2,1.20,.250,https://www.mlb.com/player/430589
Ryan Madson,KC,--,--,10.80,--,--,--,--,--,--,1.2,0,2,2,0,0,0,1,0.00,.000,https://www.mlb.com/player/425492
Matt Shoemaker,LAA,--,--,10.80,--,--,--,--,--,--,1.2,0,2,2,0,0,0,2,0.00,.000,https://www.mlb.com/player/533167
Aaron Thompson,MIN,--,--,27.00,--,--,--,--,--,--,1.2,1,5,5,0,0,0,0,0.60,.333,https://www.mlb.com/player/457744
Ervin Santana,MIN,--,--,16.20,--,--,--,--,--,--,1.2,1,3,3,0,0,0,0,0.60,.200,https://www.mlb.com/player/429722
Neal Cotts,MIN,--,--,16.20,--,--,--,--,--,--,1.2,2,3,3,0,0,0,3,1.20,.333,https://www.mlb.com/player/425840
Tommy Milone,MIN,--,--,43.20,--,--,--,--,--,--,1.2,2,8,8,0,0,1,1,1.80,.286,https://www.mlb.com/player/543548
Chris Capuano,NYY,--,--,48.60,--,--,--,--,--,--,1.2,4,9,9,0,0,3,1,4.20,.571,https://www.mlb.com/player/425626
Andrew Miller,NYY,--,--,0.00,--,--,--,--,--,--,1.2,0,0,0,0,0,1,3,0.60,.000,https://www.mlb.com/player/453192
Drew Pomeranz,OAK,--,--,37.80,--,--,--,--,--,--,1.2,2,8,7,0,0,3,1,3.00,.333,https://www.mlb.com/player/519141
Fernando Rodriguez Jr.,OAK,--,--,16.20,--,--,--,--,--,--,1.2,0,3,3,0,0,0,1,0.00,.000,https://www.mlb.com/player/451775
Arnold Leon,OAK,--,--,32.40,--,--,--,--,--,--,1.2,3,6,6,1,0,0,0,1.80,.429,https://www.mlb.com/player/504186
Adam Morgan,PHI,--,--,16.20,--,--,--,--,--,--,1.2,0,3,3,0,0,0,2,0.00,.000,https://www.mlb.com/player/605388
Hector Neris,PHI,--,--,0.00,--,--,--,--,--,--,1.2,2,0,0,0,0,0,3,1.20,.333,https://www.mlb.com/player/593576
Marc Rzepczynski,SD,--,--,21.60,--,--,--,--,--,--,1.2,2,6,4,0,0,0,1,1.20,.400,https://www.mlb.com/player/519240
Tim Hudson,SF,--,--,59.40,--,--,--,--,--,--,1.2,2,12,11,0,2,2,1,2.40,.400,https://www.mlb.com/player/218596
Tim Lincecum,SF,--,--,10.80,--,--,--,--,--,--,1.2,1,2,2,0,0,0,3,0.60,.167,https://www.mlb.com/player/453311
George Kontos,SF,--,--,5.40,--,--,--,--,--,--,1.2,1,1,1,0,0,0,0,0.60,.167,https://www.mlb.com/player/502004
Roenis Elias,SEA,--,--,59.40,--,--,--,--,--,--,1.2,3,12,11,0,0,1,0,2.40,.500,https://www.mlb.com/player/606273
Jonathan Broxton,STL,--,--,43.20,--,--,--,--,--,--,1.2,2,8,8,0,0,1,2,1.80,.333,https://www.mlb.com/player/455009
Chi Chi Gonzalez,TEX,--,--,32.40,--,--,--,--,--,--,1.2,2,6,6,0,0,0,1,1.20,.333,https://www.mlb.com/player/592346
Steve Delabar,TOR,--,--,27.00,--,--,--,--,--,--,1.2,2,5,5,0,0,0,1,1.20,.333,https://www.mlb.com/player/447755
R.A. Dickey,TOR,--,--,48.60,--,--,--,--,--,--,1.2,1,9,9,0,0,2,1,1.80,.333,https://www.mlb.com/player/285079
Matt Thornton,WSH,--,--,10.80,--,--,--,--,--,--,1.2,1,4,2,0,0,0,1,0.60,.167,https://www.mlb.com/player/407819
Doug Fister,WSH,--,--,21.60,--,--,--,--,--,--,1.2,1,6,4,0,1,0,2,0.60,.250,https://www.mlb.com/player/450729
Archie Bradley,ARI,--,--,54.00,--,--,--,--,--,--,1.1,3,8,8,0,0,1,0,3.00,.500,https://www.mlb.com/player/605151
Patrick Corbin,ARI,--,--,40.50,--,--,--,--,--,--,1.1,1,6,6,0,0,0,0,0.75,.333,https://www.mlb.com/player/571578
Arodys Vizcaino,ATL,--,--,6.75,--,--,--,--,--,--,1.1,0,1,1,0,0,0,1,0.00,.000,https://www.mlb.com/player/527055
Chris Tillman,BAL,--,--,67.50,--,--,--,--,--,--,1.1,2,10,10,0,0,0,1,1.50,.400,https://www.mlb.com/player/501957
Brian Matusz,BAL,--,--,13.50,--,--,--,--,--,--,1.1,5,2,2,0,0,2,4,5.25,.556,https://www.mlb.com/player/451085
Steven Wright,BOS,--,--,33.75,--,--,--,--,--,--,1.1,3,5,5,0,0,1,0,3.00,.429,https://www.mlb.com/player/453214
Junichi Tazawa,BOS,--,--,60.75,--,--,--,--,--,--,1.1,3,10,9,0,0,1,0,3.00,.429,https://www.mlb.com/player/547749
Trevor Cahill,CHC,--,--,40.50,--,--,--,--,--,--,1.1,4,7,6,0,0,1,1,3.75,.500,https://www.mlb.com/player/502239
Jon Lester,CHC,--,--,47.25,--,--,--,--,--,--,1.1,2,7,7,1,0,0,2,1.50,.333,https://www.mlb.com/player/452657
Justin Grimm,CHC,--,--,13.50,--,--,--,--,--,--,1.1,0,7,2,0,0,1,1,0.75,.000,https://www.mlb.com/player/518748
Jason Hammel,CHC,--,--,20.25,--,--,--,--,--,--,1.1,1,4,3,0,0,0,2,0.75,.250,https://www.mlb.com/player/434628
Dallas Beeler,CHC,--,--,20.25,--,--,--,--,--,--,1.1,2,5,3,0,0,0,1,1.50,.286,https://www.mlb.com/player/542923
Chris Sale,CWS,--,--,54.00,--,--,--,--,--,--,1.1,5,12,8,1,0,0,3,3.75,.556,https://www.mlb.com/player/519242
Zach Putnam,CWS,--,--,27.00,--,--,--,--,--,--,1.1,2,4,4,0,0,0,2,1.50,.333,https://www.mlb.com/player/474029
Matt Albers,CWS,--,--,13.50,--,--,--,--,--,--,1.1,1,2,2,0,0,0,1,0.75,.250,https://www.mlb.com/player/458006
J.J. Hoover,CIN,--,--,27.00,--,--,--,--,--,--,1.1,1,6,4,0,0,0,1,0.75,.200,https://www.mlb.com/player/543331
Manny Parra,CIN,--,--,6.75,--,--,--,--,--,--,1.1,0,1,1,0,0,1,0,0.75,.000,https://www.mlb.com/player/448159
Austin Adams,CLE,--,--,0.00,--,--,--,--,--,--,1.1,0,0,0,0,0,0,1,0.00,.000,https://www.mlb.com/player/542866
Nick Hagadone,CLE,--,--,13.50,--,--,--,--,--,--,1.1,0,5,2,0,0,0,1,0.00,.000,https://www.mlb.com/player/444935
Danny Salazar,CLE,--,--,27.00,--,--,--,--,--,--,1.1,2,6,4,0,0,0,2,1.50,.333,https://www.mlb.com/player/517593
Rafael Betancourt,COL,--,--,54.00,--,--,--,--,--,--,1.1,2,8,8,1,0,0,1,1.50,.333,https://www.mlb.com/player/429783
Jordan Lyles,COL,--,--,54.00,--,--,--,--,--,--,1.1,2,9,8,0,0,0,0,1.50,.500,https://www.mlb.com/player/543475
Kyle Kendrick,COL,--,--,33.75,--,--,--,--,--,--,1.1,1,5,5,0,0,1,1,1.50,.250,https://www.mlb.com/player/452718
Tommy Kahnle,COL,--,--,0.00,--,--,--,--,--,--,1.1,0,0,0,0,0,0,1,0.00,.000,https://www.mlb.com/player/592454
Kyle Ryan,DET,--,--,33.75,--,--,--,--,--,--,1.1,2,5,5,1,0,0,1,1.50,.400,https://www.mlb.com/player/594986
Neftali Feliz,DET,--,--,60.75,--,--,--,--,--,--,1.1,6,9,9,1,0,0,3,4.50,.600,https://www.mlb.com/player/491703
Bruce Rondon,DET,--,--,47.25,--,--,--,--,--,--,1.1,1,7,7,0,0,0,1,0.75,.250,https://www.mlb.com/player/541652
Kyle Lobstein,DET,--,--,54.00,--,--,--,--,--,--,1.1,2,8,8,0,0,0,0,1.50,.400,https://www.mlb.com/player/543456
Pat Neshek,HOU,--,--,13.50,--,--,--,--,--,--,1.1,1,3,2,0,0,0,1,0.75,.250,https://www.mlb.com/player/450212
Josh Fields,HOU,--,--,33.75,--,--,--,--,--,--,1.1,2,5,5,0,0,0,3,1.50,.400,https://www.mlb.com/player/451661
Luke Hochevar,KC,--,--,6.75,--,--,--,--,--,--,1.1,1,1,1,0,0,0,0,0.75,.333,https://www.mlb.com/player/460024
Fernando Salas,LAA,--,--,20.25,--,--,--,--,--,--,1.1,2,3,3,0,0,1,1,2.25,.400,https://www.mlb.com/player/477569
Cam Bedrosian,LAA,--,--,47.25,--,--,--,--,--,--,1.1,1,8,7,0,0,2,0,2.25,.200,https://www.mlb.com/player/592135
Ian Thomas,LAD,--,--,6.75,--,--,--,--,--,--,1.1,0,1,1,0,0,0,2,0.00,.000,https://www.mlb.com/player/621962
Chris Hatcher,LAD,--,--,27.00,--,--,--,--,--,--,1.1,4,4,4,0,0,0,1,3.00,.667,https://www.mlb.com/player/501822
Bryan Morris,MIA,--,--,13.50,--,--,--,--,--,--,1.1,1,2,2,0,0,1,2,1.50,.200,https://www.mlb.com/player/457768
Justin Nicolino,MIA,--,--,20.25,--,--,--,--,--,--,1.1,1,3,3,0,0,0,0,0.75,.333,https://www.mlb.com/player/592593
Corey Knebel,MIL,--,--,0.00,--,--,--,--,--,--,1.1,0,0,0,0,0,0,2,0.00,.000,https://www.mlb.com/player/608349
Casey Fien,MIN,--,--,27.00,--,--,--,--,--,--,1.1,1,4,4,0,0,0,2,0.75,.200,https://www.mlb.com/player/502272
Michael Tonkin,MIN,--,--,13.50,--,--,--,--,--,--,1.1,2,2,2,1,0,0,2,1.50,.333,https://www.mlb.com/player/543859
Erik Goeddel,NYM,--,--,6.75,--,--,--,--,--,--,1.1,3,1,1,0,0,1,0,3.00,.600,https://www.mlb.com/player/592340
Michael Pineda,NYY,--,--,67.50,--,--,--,--,--,--,1.1,2,10,10,0,0,0,1,1.50,.333,https://www.mlb.com/player/501381
Bryan Mitchell,NYY,--,--,27.00,--,--,--,--,--,--,1.1,0,5,4,0,0,0,1,0.00,.000,https://www.mlb.com/player/571951
Nathan Eovaldi,NYY,--,--,60.75,--,--,--,--,--,--,1.1,4,9,9,0,0,0,1,3.00,.571,https://www.mlb.com/player/543135
Kendall Graveman,OAK,--,--,33.75,--,--,--,--,--,--,1.1,0,5,5,0,0,0,2,0.00,.000,https://www.mlb.com/player/608665
Jesse Chavez,OAK,--,--,54.00,--,--,--,--,--,--,1.1,3,8,8,0,0,0,0,2.25,.500,https://www.mlb.com/player/445926
Dan Otero,OAK,--,--,13.50,--,--,--,--,--,--,1.1,1,2,2,0,0,0,0,0.75,.250,https://www.mlb.com/player/519096
David Buchanan,PHI,--,--,114.75,--,--,--,--,--,--,1.1,6,17,17,1,0,1,1,5.25,.667,https://www.mlb.com/player/571527
Rob Scahill,PIT,--,--,20.25,--,--,--,--,--,--,1.1,3,8,3,1,0,0,1,2.25,.429,https://www.mlb.com/player/543746
Joe Blanton,PIT,--,--,27.00,--,--,--,--,--,--,1.1,0,4,4,0,0,1,0,0.75,.000,https://www.mlb.com/player/430599
Odrisamer Despaigne,SD,--,--,54.00,--,--,--,--,--,--,1.1,2,8,8,0,0,1,0,2.25,.500,https://www.mlb.com/player/628333
Dale Thayer,SD,--,--,33.75,--,--,--,--,--,--,1.1,2,5,5,1,0,0,0,1.50,.400,https://www.mlb.com/player/445612
Carson Smith,SEA,--,--,27.00,--,--,--,--,--,--,1.1,2,4,4,0,0,0,0,1.50,.500,https://www.mlb.com/player/605476
Joe Beimel,SEA,--,--,6.75,--,--,--,--,--,--,1.1,1,1,1,0,0,1,1,1.50,.250,https://www.mlb.com/player/346847
Taijuan Walker,SEA,--,--,47.25,--,--,--,--,--,--,1.1,2,8,7,0,0,0,0,1.50,.500,https://www.mlb.com/player/592836
Jaime Garcia,STL,--,--,20.25,--,--,--,--,--,--,1.1,1,3,3,0,0,0,0,0.75,.333,https://www.mlb.com/player/448802
Steve Geltz,TB,--,--,27.00,--,--,--,--,--,--,1.1,0,4,4,0,0,0,0,0.00,.000,https://www.mlb.com/player/544993
Jake Diekman,TEX,--,--,27.00,--,--,--,--,--,--,1.1,2,4,4,1,0,0,4,1.50,.333,https://www.mlb.com/player/518617
Max Scherzer,WSH,--,--,13.50,--,--,--,--,--,--,1.1,0,2,2,0,0,0,3,0.00,.000,https://www.mlb.com/player/453286
Taylor Hill,WSH,--,--,6.75,--,--,--,--,--,--,1.1,1,1,1,0,0,0,1,0.75,.250,https://www.mlb.com/player/592398
Stephen Strasburg,WSH,--,--,27.00,--,--,--,--,--,--,1.1,4,7,4,0,0,0,0,3.00,.667,https://www.mlb.com/player/544931
Evan Marshall,ARI,--,--,0.00,--,--,--,--,--,--,1.0,1,0,0,0,0,0,2,1.00,.250,https://www.mlb.com/player/605359
Robbie Ray,ARI,--,--,54.00,--,--,--,--,--,--,1.0,1,6,6,0,0,0,0,1.00,.250,https://www.mlb.com/player/592662
Jhoulys Chacin,ARI,--,--,9.00,--,--,--,--,--,--,1.0,0,1,1,0,0,0,0,0.00,.000,https://www.mlb.com/player/468504
Jake Brigham,ATL,--,--,27.00,--,--,--,--,--,--,1.0,1,3,3,0,0,0,0,1.00,.500,https://www.mlb.com/player/502010
Nick Masset,ATL,--,--,9.00,--,--,--,--,--,--,1.0,0,1,1,0,0,0,1,0.00,.000,https://www.mlb.com/player/434665
Matt Wisler,ATL,--,--,63.00,--,--,--,--,--,--,1.0,0,7,7,0,0,1,0,1.00,.000,https://www.mlb.com/player/605538
Matt Marksberry,ATL,--,--,0.00,--,--,--,--,--,--,1.0,1,0,0,0,0,1,0,2.00,.250,https://www.mlb.com/player/621408
Kevin Gausman,BAL,--,--,27.00,--,--,--,--,--,--,1.0,1,4,3,0,0,0,0,1.00,.250,https://www.mlb.com/player/592332
T.J. McFarland,BAL,--,--,117.00,--,--,--,--,--,--,1.0,5,13,13,1,0,0,0,5.00,.556,https://www.mlb.com/player/519008
Justin Masterson,BOS,--,--,45.00,--,--,--,--,--,--,1.0,2,5,5,0,0,0,0,2.00,.400,https://www.mlb.com/player/475416
Hector Noesi,CWS,--,--,45.00,--,--,--,--,--,--,1.0,0,5,5,0,0,0,1,0.00,.000,https://www.mlb.com/player/456051
Dylan Axelrod,CIN,--,--,0.00,--,--,--,--,--,--,1.0,0,3,0,0,0,0,2,0.00,.000,https://www.mlb.com/player/518420
Carlos Carrasco,CLE,--,--,72.00,--,--,--,--,--,--,1.0,4,8,8,0,0,0,2,4.00,.571,https://www.mlb.com/player/471911
Gonzalez Germen,COL,--,--,9.00,--,--,--,--,--,--,1.0,0,1,1,0,0,0,0,0.00,.000,https://www.mlb.com/player/542674
Boone Logan,COL,--,--,18.00,--,--,--,--,--,--,1.0,4,2,2,0,1,2,1,6.00,.667,https://www.mlb.com/player/457429
Drew VerHagen,DET,--,--,18.00,--,--,--,--,--,--,1.0,1,2,2,0,1,1,1,2.00,.250,https://www.mlb.com/player/572403
Blaine Hardy,DET,--,--,0.00,--,--,--,--,--,--,1.0,2,0,0,0,0,0,1,2.00,.400,https://www.mlb.com/player/543278
Daniel Norris,DET,--,--,36.00,--,--,--,--,--,--,1.0,1,4,4,0,0,0,0,1.00,.333,https://www.mlb.com/player/596057
Samuel Deduno,HOU,--,--,9.00,--,--,--,--,--,--,1.0,0,1,1,0,0,0,0,0.00,.000,https://www.mlb.com/player/465679
Tony Sipp,HOU,--,--,0.00,--,--,--,--,--,--,1.0,0,0,0,0,0,0,1,0.00,.000,https://www.mlb.com/player/448609
Brett Oberholtzer,HOU,--,--,36.00,--,--,--,--,--,--,1.0,1,4,4,1,0,0,0,1.00,.250,https://www.mlb.com/player/519085
Kris Medlen,KC,--,--,18.00,--,--,--,--,--,--,1.0,1,2,2,0,0,0,2,1.00,.250,https://www.mlb.com/player/450665
Franklin Morales,KC,--,--,18.00,--,--,--,--,--,--,1.0,0,3,2,0,0,0,1,0.00,.000,https://www.mlb.com/player/462985
Jason Vargas,KC,--,--,9.00,--,--,--,--,--,--,1.0,1,1,1,0,0,0,0,1.00,.333,https://www.mlb.com/player/450306
Chris Young,KC,--,--,27.00,--,--,--,--,--,--,1.0,1,3,3,0,0,0,3,1.00,.250,https://www.mlb.com/player/432934
Mike Morin,LAA,--,--,54.00,--,--,--,--,--,--,1.0,1,9,6,0,0,0,1,1.00,.500,https://www.mlb.com/player/573046
Trevor Gott,LAA,--,--,9.00,--,--,--,--,--,--,1.0,3,3,1,0,0,1,1,4.00,.600,https://www.mlb.com/player/641627
Brooks Brown,LAD,--,--,36.00,--,--,--,--,--,--,1.0,1,4,4,0,0,0,3,1.00,.250,https://www.mlb.com/player/453156
Carlos Frias,LAD,--,--,63.00,--,--,--,--,--,--,1.0,2,7,7,1,0,0,1,2.00,.400,https://www.mlb.com/player/516910
Tyler Wagner,MIL,--,--,18.00,--,--,--,--,--,--,1.0,1,2,2,0,0,0,1,1.00,.250,https://www.mlb.com/player/621281
Will Smith,MIL,--,--,18.00,--,--,--,--,--,--,1.0,2,2,2,0,0,0,2,2.00,.400,https://www.mlb.com/player/519293
J.R. Graham,MIN,--,--,63.00,--,--,--,--,--,--,1.0,4,9,7,2,1,1,1,5.00,.500,https://www.mlb.com/player/543242
Brian Duensing,MIN,--,--,72.00,--,--,--,--,--,--,1.0,2,8,8,0,1,0,0,2.00,.400,https://www.mlb.com/player/488846
Ryan O'Rourke,MIN,--,--,54.00,--,--,--,--,--,--,1.0,0,6,6,0,0,1,2,1.00,.000,https://www.mlb.com/player/594951
Ricky Nolasco,MIN,--,--,36.00,--,--,--,--,--,--,1.0,1,5,4,0,0,0,1,1.00,.333,https://www.mlb.com/player/445060
Sean Gilmartin,NYM,--,--,36.00,--,--,--,--,--,--,1.0,1,4,4,0,0,0,0,1.00,.333,https://www.mlb.com/player/543219
Carlos Torres,NYM,--,--,54.00,--,--,--,--,--,--,1.0,2,6,6,0,0,1,1,3.00,.667,https://www.mlb.com/player/448614
Buddy Carlyle,NYM,--,--,36.00,--,--,--,--,--,--,1.0,0,4,4,0,0,0,0,0.00,.000,https://www.mlb.com/player/234194
Andrew Bailey,NYY,--,--,0.00,--,--,--,--,--,--,1.0,0,0,0,0,0,0,0,0.00,.000,https://www.mlb.com/player/457732
Diego Moreno,NYY,--,--,0.00,--,--,--,--,--,--,1.0,0,0,0,0,0,0,1,0.00,.000,https://www.mlb.com/player/514981
Ivan Nova,NYY,--,--,54.00,--,--,--,--,--,--,1.0,2,6,6,1,0,0,0,2.00,.400,https://www.mlb.com/player/467100
Chris Martin,NYY,--,--,18.00,--,--,--,--,--,--,1.0,1,2,2,0,0,0,0,1.00,.250,https://www.mlb.com/player/455119
Danny Coulombe,OAK,--,--,18.00,--,--,--,--,--,--,1.0,0,2,2,0,0,0,0,0.00,.000,https://www.mlb.com/player/543056
Ken Giles,PHI,--,--,9.00,--,--,--,--,--,--,1.0,0,5,1,0,0,2,1,2.00,.000,https://www.mlb.com/player/571704
Alec Asher,PHI,--,--,63.00,--,--,--,--,--,--,1.0,2,7,7,0,0,0,1,2.00,.500,https://www.mlb.com/player/594742
Aaron Nola,PHI,--,--,54.00,--,--,--,--,--,--,1.0,2,6,6,1,0,0,1,2.00,.400,https://www.mlb.com/player/605400
Jerad Eickhoff,PHI,--,--,9.00,--,--,--,--,--,--,1.0,0,1,1,0,0,0,1,0.00,.000,https://www.mlb.com/player/595191
Arquimedes Caminero,PIT,--,--,63.00,--,--,--,--,--,--,1.0,4,7,7,0,0,0,0,4.00,.667,https://www.mlb.com/player/491708
Mark Melancon,PIT,--,--,18.00,--,--,--,--,--,--,1.0,1,2,2,0,0,0,0,1.00,.333,https://www.mlb.com/player/453343
Kevin Quackenbush,SD,--,--,27.00,--,--,--,--,--,--,1.0,1,3,3,0,0,0,2,1.00,.333,https://www.mlb.com/player/534812
Craig Kimbrel,SD,--,--,9.00,--,--,--,--,--,--,1.0,2,1,1,0,0,0,2,2.00,.400,https://www.mlb.com/player/518886
Hunter Strickland,SF,--,--,18.00,--,--,--,--,--,--,1.0,0,2,2,0,0,1,0,1.00,.000,https://www.mlb.com/player/519326
Santiago Casilla,SF,--,--,18.00,--,--,--,--,--,--,1.0,1,3,2,0,0,0,1,1.00,.333,https://www.mlb.com/player/433586
Danny Farquhar,SEA,--,--,45.00,--,--,--,--,--,--,1.0,2,9,5,0,0,1,0,3.00,.500,https://www.mlb.com/player/543144
Cody Martin,SEA,--,--,27.00,--,--,--,--,--,--,1.0,0,3,3,0,1,0,0,0.00,.000,https://www.mlb.com/player/592533
Tony Zych,SEA,--,--,0.00,--,--,--,--,--,--,1.0,0,1,0,0,0,0,2,0.00,.000,https://www.mlb.com/player/543964
Vidal Nuno,SEA,--,--,36.00,--,--,--,--,--,--,1.0,1,4,4,0,0,0,1,1.00,.333,https://www.mlb.com/player/573064
Randy Choate,STL,--,--,18.00,--,--,--,--,--,--,1.0,0,2,2,0,1,0,1,0.00,.000,https://www.mlb.com/player/329092
Carlos Villanueva,STL,--,--,0.00,--,--,--,--,--,--,1.0,0,0,0,0,0,0,1,0.00,.000,https://www.mlb.com/player/453646
Miguel Socolovich,STL,--,--,9.00,--,--,--,--,--,--,1.0,0,1,1,0,0,0,0,0.00,.000,https://www.mlb.com/player/462515
Kevin Siegrist,STL,--,--,45.00,--,--,--,--,--,--,1.0,2,5,5,0,0,0,0,2.00,.500,https://www.mlb.com/player/543779
Brad Boxberger,TB,--,--,45.00,--,--,--,--,--,--,1.0,1,5,5,1,0,1,2,2.00,.250,https://www.mlb.com/player/502202
Xavier Cedeno,TB,--,--,36.00,--,--,--,--,--,--,1.0,4,5,4,0,0,0,1,4.00,.667,https://www.mlb.com/player/458584
C.J. Riefenhauser,TB,--,--,18.00,--,--,--,--,--,--,1.0,1,2,2,0,0,0,0,1.00,.250,https://www.mlb.com/player/592677
Keone Kela,TEX,--,--,18.00,--,--,--,--,--,--,1.0,0,2,2,0,0,1,0,1.00,.000,https://www.mlb.com/player/605309
Pat Venditte,TOR,--,--,27.00,--,--,--,--,--,--,1.0,2,3,3,0,0,1,1,3.00,.400,https://www.mlb.com/player/519381
Aaron Loup,TOR,--,--,36.00,--,--,--,--,--,--,1.0,2,4,4,0,0,0,3,2.00,.400,https://www.mlb.com/player/571901
Bo Schultz,TOR,--,--,0.00,--,--,--,--,--,--,1.0,0,0,0,0,0,0,2,0.00,.000,https://www.mlb.com/player/544759
Jonathan Papelbon,WSH,--,--,0.00,--,--,--,--,--,--,1.0,0,3,0,0,0,0,1,0.00,.000,https://www.mlb.com/player/449097
A.J. Schugel,ARI,--,--,0.00,--,--,--,--,--,--,0.2,2,6,0,1,0,1,0,4.50,.500,https://www.mlb.com/player/519263
Dominic Leone,ARI,--,--,54.00,--,--,--,--,--,--,0.2,1,4,4,0,0,1,0,3.00,.333,https://www.mlb.com/player/608678
Allen Webster,ARI,--,--,54.00,--,--,--,--,--,--,0.2,1,8,4,1,0,0,0,1.50,.500,https://www.mlb.com/player/543903
Danny Burawa,ATL,--,--,13.50,--,--,--,--,--,--,0.2,0,1,1,0,0,1,0,1.50,.000,https://www.mlb.com/player/592181
Michael Kohn,ATL,--,--,0.00,--,--,--,--,--,--,0.2,0,0,0,0,0,0,0,0.00,.000,https://www.mlb.com/player/543409
Zack Britton,BAL,--,--,27.00,--,--,--,--,--,--,0.2,1,2,2,0,0,0,1,1.50,.333,https://www.mlb.com/player/502154
Jason Garcia,BAL,--,--,0.00,--,--,--,--,--,--,0.2,0,0,0,0,0,1,0,1.50,.000,https://www.mlb.com/player/592329
Tyler Wilson,BAL,--,--,40.50,--,--,--,--,--,--,0.2,1,3,3,0,0,1,0,3.00,.500,https://www.mlb.com/player/592869
Koji Uehara,BOS,--,--,0.00,--,--,--,--,--,--,0.2,0,1,0,0,0,0,1,0.00,.000,https://www.mlb.com/player/493157
Matt Barnes,BOS,--,--,54.00,--,--,--,--,--,--,0.2,2,4,4,0,0,0,2,3.00,.500,https://www.mlb.com/player/598264
James Russell,CHC,--,--,54.00,--,--,--,--,--,--,0.2,2,4,4,1,0,0,0,3.00,.400,https://www.mlb.com/player/460701
David Robertson,CWS,--,--,81.00,--,--,--,--,--,--,0.2,4,7,6,0,0,1,2,7.50,.667,https://www.mlb.com/player/502085
Jon Moscot,CIN,--,--,27.00,--,--,--,--,--,--,0.2,0,2,2,0,0,1,0,1.50,.000,https://www.mlb.com/player/621209
Jason Marquis,CIN,--,--,13.50,--,--,--,--,--,--,0.2,0,2,1,0,1,0,0,0.00,.000,https://www.mlb.com/player/150302
Keyvius Sampson,CIN,--,--,81.00,--,--,--,--,--,--,0.2,2,8,6,1,0,0,0,3.00,.500,https://www.mlb.com/player/572102
David Holmberg,CIN,--,--,54.00,--,--,--,--,--,--,0.2,2,4,4,0,0,0,1,3.00,.500,https://www.mlb.com/player/571787
John Lamb,CIN,--,--,67.50,--,--,--,--,--,--,0.2,1,5,5,1,0,0,1,1.50,.333,https://www.mlb.com/player/543424
Collin Balester,CIN,--,--,0.00,--,--,--,--,--,--,0.2,0,0,0,0,0,0,0,0.00,.000,https://www.mlb.com/player/444446
Brandon Finnegan,CIN,--,--,13.50,--,--,--,--,--,--,0.2,0,1,1,0,0,0,0,0.00,.000,https://www.mlb.com/player/605232
Kyle Crockett,CLE,--,--,27.00,--,--,--,--,--,--,0.2,0,2,2,0,0,1,1,1.50,.000,https://www.mlb.com/player/641490
Zach McAllister,CLE,--,--,13.50,--,--,--,--,--,--,0.2,1,1,1,0,0,0,2,1.50,.333,https://www.mlb.com/player/502083
TJ House,CLE,--,--,67.50,--,--,--,--,--,--,0.2,2,5,5,0,0,0,0,3.00,.667,https://www.mlb.com/player/543334
Simon Castro,COL,--,--,0.00,--,--,--,--,--,--,0.2,0,0,0,0,0,0,1,0.00,.000,https://www.mlb.com/player/501563
Rex Brothers,COL,--,--,0.00,--,--,--,--,--,--,0.2,2,0,0,0,0,0,0,3.00,.667,https://www.mlb.com/player/571521
Justin Miller,COL,--,--,40.50,--,--,--,--,--,--,0.2,0,3,3,0,0,0,1,0.00,.000,https://www.mlb.com/player/502522
Christian Bergman,COL,--,--,40.50,--,--,--,--,--,--,0.2,1,3,3,0,0,0,0,1.50,.333,https://www.mlb.com/player/548357
Miguel Castro,COL,--,--,27.00,--,--,--,--,--,--,0.2,0,2,2,0,0,1,0,1.50,.000,https://www.mlb.com/player/612434
Yohan Flande,COL,--,--,13.50,--,--,--,--,--,--,0.2,1,1,1,0,0,0,0,1.50,.333,https://www.mlb.com/player/456071
Shane Greene,DET,--,--,94.50,--,--,--,--,--,--,0.2,2,7,7,0,0,1,1,4.50,.500,https://www.mlb.com/player/572888
Matthew Boyd,DET,--,--,67.50,--,--,--,--,--,--,0.2,2,6,5,0,0,0,0,3.00,.667,https://www.mlb.com/player/571510
Angel Nesbitt,DET,--,--,81.00,--,--,--,--,--,--,0.2,2,6,6,1,0,0,0,3.00,.500,https://www.mlb.com/player/553970
Vince Velasquez,HOU,--,--,0.00,--,--,--,--,--,--,0.2,0,0,0,0,0,0,1,0.00,.000,https://www.mlb.com/player/592826
Luke Gregerson,HOU,--,--,27.00,--,--,--,--,--,--,0.2,2,3,2,0,0,0,0,3.00,.500,https://www.mlb.com/player/502381
Roberto Hernandez,HOU,--,--,94.50,--,--,--,--,--,--,0.2,3,10,7,0,0,0,0,4.50,.600,https://www.mlb.com/player/433584
Asher Wojciechowski,HOU,--,--,0.00,--,--,--,--,--,--,0.2,0,0,0,0,0,0,1,0.00,.000,https://www.mlb.com/player/592879
Joba Chamberlain,KC,--,--,67.50,--,--,--,--,--,--,0.2,3,5,5,1,0,0,2,4.50,.600,https://www.mlb.com/player/501955
Yohan Pino,KC,--,--,0.00,--,--,--,--,--,--,0.2,0,0,0,0,0,0,1,0.00,.000,https://www.mlb.com/player/464416
Vinnie Pestano,LAA,--,--,0.00,--,--,--,--,--,--,0.2,1,1,0,0,0,0,0,1.50,.500,https://www.mlb.com/player/502260
Adam Wilk,LAA,--,--,0.00,--,--,--,--,--,--,0.2,0,0,0,0,0,0,2,0.00,.000,https://www.mlb.com/player/573244
Wesley Wright,LAA,--,--,0.00,--,--,--,--,--,--,0.2,0,0,0,0,0,0,2,0.00,.000,https://www.mlb.com/player/449079
Nick Tropeano,LAA,--,--,27.00,--,--,--,--,--,--,0.2,1,2,2,0,0,0,0,1.50,.500,https://www.mlb.com/player/607374
Kenley Jansen,LAD,--,--,0.00,--,--,--,--,--,--,0.2,0,0,0,0,0,0,0,0.00,.000,https://www.mlb.com/player/445276
Adam Liberatore,LAD,--,--,54.00,--,--,--,--,--,--,0.2,0,4,4,0,0,0,0,0.00,.000,https://www.mlb.com/player/571893
Joel Peralta,LAD,--,--,27.00,--,--,--,--,--,--,0.2,1,2,2,1,0,0,0,1.50,.333,https://www.mlb.com/player/407908
Andre Rienzo,MIA,--,--,81.00,--,--,--,--,--,--,0.2,3,6,6,0,0,2,0,7.50,.600,https://www.mlb.com/player/516589
Chris Reed,MIA,--,--,27.00,--,--,--,--,--,--,0.2,1,2,2,0,0,0,0,1.50,.500,https://www.mlb.com/player/607068
Chris Narveson,MIA,--,--,0.00,--,--,--,--,--,--,0.2,0,0,0,0,0,0,0,0.00,.000,https://www.mlb.com/player/429780
Kendry Flores,MIA,--,--,67.50,--,--,--,--,--,--,0.2,1,6,5,0,0,0,1,1.50,.500,https://www.mlb.com/player/572309
Brian Ellington,MIA,--,--,27.00,--,--,--,--,--,--,0.2,0,3,2,0,0,0,1,0.00,.000,https://www.mlb.com/player/623395
Ryan Pressly,MIN,--,--,13.50,--,--,--,--,--,--,0.2,0,1,1,0,0,0,1,0.00,.000,https://www.mlb.com/player/519151
Scott Atchison,MIN,--,--,0.00,--,--,--,--,--,--,0.2,1,0,0,0,0,0,1,1.50,.333,https://www.mlb.com/player/425786
Glen Perkins,MIN,--,--,13.50,--,--,--,--,--,--,0.2,1,1,1,0,0,0,0,1.50,.333,https://www.mlb.com/player/450282
Bobby Parnell,NYM,--,--,67.50,--,--,--,--,--,--,0.2,1,6,5,0,0,0,0,1.50,.500,https://www.mlb.com/player/458730
Rafael Montero,NYM,--,--,27.00,--,--,--,--,--,--,0.2,1,2,2,0,0,1,1,3.00,.333,https://www.mlb.com/player/606160
Tim Stauffer,NYM,--,--,40.50,--,--,--,--,--,--,0.2,1,3,3,0,0,0,1,1.50,.500,https://www.mlb.com/player/431162
Masahiro Tanaka,NYY,--,--,67.50,--,--,--,--,--,--,0.2,2,6,5,0,0,0,1,3.00,.667,https://www.mlb.com/player/547888
Chase Whitley,NYY,--,--,0.00,--,--,--,--,--,--,0.2,0,0,0,0,0,0,0,0.00,.000,https://www.mlb.com/player/595032
Branden Pinder,NYY,--,--,13.50,--,--,--,--,--,--,0.2,0,1,1,0,0,1,0,1.50,.000,https://www.mlb.com/player/572038
Kyle Davies,NYY,--,--,0.00,--,--,--,--,--,--,0.2,0,0,0,0,0,0,0,0.00,.000,https://www.mlb.com/player/434678
Sean Nolin,OAK,--,--,40.50,--,--,--,--,--,--,0.2,1,4,3,0,0,0,0,1.50,1.000,https://www.mlb.com/player/543594
Aaron Brooks,OAK,--,--,54.00,--,--,--,--,--,--,0.2,1,4,4,0,0,0,0,1.50,.500,https://www.mlb.com/player/605156
Edward Mujica,OAK,--,--,27.00,--,--,--,--,--,--,0.2,1,4,2,1,0,0,1,1.50,.333,https://www.mlb.com/player/465629
R.J. Alvarez,OAK,--,--,13.50,--,--,--,--,--,--,0.2,1,1,1,0,0,0,1,1.50,.500,https://www.mlb.com/player/571439
Felix Doubront,OAK,--,--,27.00,--,--,--,--,--,--,0.2,0,2,2,0,0,0,1,0.00,.000,https://www.mlb.com/player/467094
Phil Coke,OAK,--,--,0.00,--,--,--,--,--,--,0.2,0,0,0,0,0,0,1,0.00,.000,https://www.mlb.com/player/457435
Kevin Correia,PHI,--,--,27.00,--,--,--,--,--,--,0.2,2,5,2,0,0,0,2,3.00,.500,https://www.mlb.com/player/429781
Seth Rosin,PHI,--,--,13.50,--,--,--,--,--,--,0.2,0,1,1,0,0,0,0,0.00,.000,https://www.mlb.com/player/519229
Jeff Francoeur,PHI,--,--,13.50,--,--,--,--,--,--,0.2,0,1,1,0,0,0,0,0.00,.000,https://www.mlb.com/player/425796
Sean O'Sullivan,PHI,--,--,13.50,--,--,--,--,--,--,0.2,0,1,1,0,0,0,0,0.00,.000,https://www.mlb.com/player/457711
Joakim Soria,PIT,--,--,54.00,--,--,--,--,--,--,0.2,2,4,4,1,1,0,1,3.00,.500,https://www.mlb.com/player/465657
Radhames Liz,PIT,--,--,27.00,--,--,--,--,--,--,0.2,2,2,2,0,0,0,1,3.00,.500,https://www.mlb.com/player/467785
Bud Norris,SD,--,--,81.00,--,--,--,--,--,--,0.2,2,6,6,1,0,0,1,3.00,.500,https://www.mlb.com/player/502032
Brandon Maurer,SD,--,--,0.00,--,--,--,--,--,--,0.2,0,0,0,0,0,0,0,0.00,.000,https://www.mlb.com/player/543506
Jon Edwards,SD,--,--,0.00,--,--,--,--,--,--,0.2,0,0,0,0,0,2,1,3.00,.000,https://www.mlb.com/player/457754
Robbie Erlin,SD,--,--,27.00,--,--,--,--,--,--,0.2,0,2,2,0,0,0,0,0.00,.000,https://www.mlb.com/player/572362
Javier Lopez,SF,--,--,27.00,--,--,--,--,--,--,0.2,1,3,2,0,0,1,0,3.00,.333,https://www.mlb.com/player/425657
Matt Cain,SF,--,--,13.50,--,--,--,--,--,--,0.2,0,1,1,0,0,0,1,0.00,.000,https://www.mlb.com/player/430912
Edgar Olmos,SEA,--,--,40.50,--,--,--,--,--,--,0.2,1,4,3,1,0,0,0,1.50,.333,https://www.mlb.com/player/543607
Tyler Olson,SEA,--,--,0.00,--,--,--,--,--,--,0.2,1,0,0,0,0,0,1,1.50,.333,https://www.mlb.com/player/621397
Rob Rasmussen,SEA,--,--,81.00,--,--,--,--,--,--,0.2,4,6,6,0,0,2,1,9.00,.667,https://www.mlb.com/player/519169
Trevor Rosenthal,STL,--,--,67.50,--,--,--,--,--,--,0.2,3,5,5,1,0,0,1,4.50,.600,https://www.mlb.com/player/572096
Jordan Walden,STL,--,--,0.00,--,--,--,--,--,--,0.2,0,0,0,0,0,0,1,0.00,.000,https://www.mlb.com/player/477229
Marcus Hatley,STL,--,--,0.00,--,--,--,--,--,--,0.2,1,0,0,0,0,1,1,3.00,.333,https://www.mlb.com/player/502281
Jake McGee,TB,--,--,40.50,--,--,--,--,--,--,0.2,1,4,3,1,0,0,0,1.50,.500,https://www.mlb.com/player/459429
Tanner Scheppers,TEX,--,--,67.50,--,--,--,--,--,--,0.2,0,5,5,0,0,1,0,1.50,.000,https://www.mlb.com/player/489294
Derek Holland,TEX,--,--,40.50,--,--,--,--,--,--,0.2,1,3,3,0,0,0,0,1.50,.500,https://www.mlb.com/player/502706
Alex Claudio,TEX,--,--,0.00,--,--,--,--,--,--,0.2,0,0,0,0,0,0,1,0.00,.000,https://www.mlb.com/player/592222
Anthony Ranaudo,TEX,--,--,54.00,--,--,--,--,--,--,0.2,3,4,4,0,0,0,1,4.50,.600,https://www.mlb.com/player/519168
Stolmy Pimentel,TEX,--,--,13.50,--,--,--,--,--,--,0.2,0,1,1,0,0,0,0,0.00,.000,https://www.mlb.com/player/516935
Ross Ohlendorf,TEX,--,--,0.00,--,--,--,--,--,--,0.2,0,0,0,0,0,0,0,0.00,.000,https://www.mlb.com/player/456027
Andrew Faulkner,TEX,--,--,0.00,--,--,--,--,--,--,0.2,1,0,0,0,0,0,0,1.50,.333,https://www.mlb.com/player/605226
Brett Cecil,TOR,--,--,27.00,--,--,--,--,--,--,0.2,2,2,2,0,1,0,1,3.00,.500,https://www.mlb.com/player/446399
Mark Lowe,TOR,--,--,40.50,--,--,--,--,--,--,0.2,1,3,3,0,0,1,2,3.00,.333,https://www.mlb.com/player/450275
Scott Copeland,TOR,--,--,0.00,--,--,--,--,--,--,0.2,0,0,0,0,0,0,0,0.00,.000,https://www.mlb.com/player/571577
Donn Roach,TOR,--,--,27.00,--,--,--,--,--,--,0.2,0,2,2,0,0,0,0,0.00,.000,https://www.mlb.com/player/543698
Ryan Tepera,TOR,--,--,0.00,--,--,--,--,--,--,0.2,0,0,0,0,0,0,0,0.00,.000,https://www.mlb.com/player/572193
Sammy Solis,WSH,--,--,40.50,--,--,--,--,--,--,0.2,3,5,3,0,0,0,1,4.50,.600,https://www.mlb.com/player/519301
Casey Janssen,WSH,--,--,81.00,--,--,--,--,--,--,0.2,3,6,6,0,0,0,0,4.50,.600,https://www.mlb.com/player/445163
Matt Grace,WSH,--,--,0.00,--,--,--,--,--,--,0.2,1,0,0,0,0,0,1,1.50,.333,https://www.mlb.com/player/594840
Rafael Martin,WSH,--,--,0.00,--,--,--,--,--,--,0.2,0,0,0,0,0,0,1,0.00,.000,https://www.mlb.com/player/514669
Felipe Vazquez,WSH,--,--,40.50,--,--,--,--,--,--,0.2,0,3,3,0,0,1,1,1.50,.000,https://www.mlb.com/player/553878
Aaron Barrett,WSH,--,--,27.00,--,--,--,--,--,--,0.2,0,2,2,0,0,0,1,0.00,.000,https://www.mlb.com/player/502578
David Hernandez,ARI,--,--,0.00,--,--,--,--,--,--,0.1,0,2,0,0,1,0,1,0.00,.000,https://www.mlb.com/player/456696
Chase Anderson,ARI,--,--,135.00,--,--,--,--,--,--,0.1,2,5,5,0,0,0,1,6.00,.667,https://www.mlb.com/player/502624
Matt Stites,ARI,--,--,162.00,--,--,--,--,--,--,0.1,1,7,6,0,0,0,0,3.00,1.000,https://www.mlb.com/player/592781
Keith Hessler,ARI,--,--,27.00,--,--,--,--,--,--,0.1,1,1,1,1,0,0,0,3.00,.500,https://www.mlb.com/player/594857
Silvino Bracho,ARI,--,--,0.00,--,--,--,--,--,--,0.1,0,0,0,0,0,0,0,0.00,.000,https://www.mlb.com/player/611093
Enrique Burgos,ARI,--,--,81.00,--,--,--,--,--,--,0.1,1,3,3,0,0,0,1,3.00,.500,https://www.mlb.com/player/542609
Manny Banuelos,ATL,--,--,54.00,--,--,--,--,--,--,0.1,1,3,2,0,0,0,0,3.00,.500,https://www.mlb.com/player/544365
Ryan Kelly,ATL,--,--,0.00,--,--,--,--,--,--,0.1,1,0,0,0,0,0,1,3.00,.500,https://www.mlb.com/player/502462
Paco Rodriguez,ATL,--,--,54.00,--,--,--,--,--,--,0.1,1,2,2,0,0,0,0,3.00,.500,https://www.mlb.com/player/572089
Oliver Drake,BAL,--,--,0.00,--,--,--,--,--,--,0.1,0,0,0,0,0,0,1,0.00,.000,https://www.mlb.com/player/543118
Dana Eveland,BAL,--,--,27.00,--,--,--,--,--,--,0.1,0,1,1,0,0,0,0,0.00,.000,https://www.mlb.com/player/445968
Mychal Givens,BAL,--,--,54.00,--,--,--,--,--,--,0.1,1,3,2,0,0,0,0,3.00,.500,https://www.mlb.com/player/571710
Ronald Belisario,BOS,--,--,27.00,--,--,--,--,--,--,0.1,0,1,1,0,0,0,0,0.00,.000,https://www.mlb.com/player/430613
Noe Ramirez,BOS,--,--,54.00,--,--,--,--,--,--,0.1,1,3,2,0,0,0,0,3.00,.500,https://www.mlb.com/player/598287
Heath Hembree,BOS,--,--,0.00,--,--,--,--,--,--,0.1,0,0,0,0,0,0,0,0.00,.000,https://www.mlb.com/player/592390
Tsuyoshi Wada,CHC,--,--,0.00,--,--,--,--,--,--,0.1,0,0,0,0,0,0,1,0.00,.000,https://www.mlb.com/player/493159
Yoervis Medina,CHC,--,--,81.00,--,--,--,--,--,--,0.1,1,3,3,0,0,1,1,6.00,.500,https://www.mlb.com/player/500721
Nate Adcock,CIN,--,--,27.00,--,--,--,--,--,--,0.1,0,1,1,0,0,0,1,0.00,.000,https://www.mlb.com/player/502264
Raisel Iglesias,CIN,--,--,162.00,--,--,--,--,--,--,0.1,1,6,6,1,0,0,1,3.00,.500,https://www.mlb.com/player/628452
Carlos Contreras,CIN,--,--,108.00,--,--,--,--,--,--,0.1,1,4,4,1,0,0,1,3.00,.500,https://www.mlb.com/player/542266
Anthony Swarzak,CLE,--,--,0.00,--,--,--,--,--,--,0.1,0,0,0,0,0,0,0,0.00,.000,https://www.mlb.com/player/461872
C.C. Lee,CLE,--,--,0.00,--,--,--,--,--,--,0.1,0,0,0,0,0,0,1,0.00,.000,https://www.mlb.com/player/547348
Cody Anderson,CLE,--,--,54.00,--,--,--,--,--,--,0.1,1,2,2,0,0,0,0,3.00,.500,https://www.mlb.com/player/594736
Jason Gurka,COL,--,--,27.00,--,--,--,--,--,--,0.1,0,1,1,0,0,0,1,0.00,.000,https://www.mlb.com/player/543261
Jairo Diaz,COL,--,--,0.00,--,--,--,--,--,--,0.1,0,0,0,0,0,0,0,0.00,.000,https://www.mlb.com/player/545064
David Hale,COL,--,--,0.00,--,--,--,--,--,--,0.1,0,1,0,0,0,0,0,0.00,.000,https://www.mlb.com/player/571735
Jon Gray,COL,--,--,162.00,--,--,--,--,--,--,0.1,3,6,6,1,0,0,1,9.00,.750,https://www.mlb.com/player/592351
Aaron Laffey,COL,--,--,0.00,--,--,--,--,--,--,0.1,0,0,0,0,0,0,1,0.00,.000,https://www.mlb.com/player/444836
Jose A. Valdez,DET,--,--,0.00,--,--,--,--,--,--,0.1,0,0,0,0,0,0,0,0.00,.000,https://www.mlb.com/player/572308
Ian Krol,DET,--,--,189.00,--,--,--,--,--,--,0.1,1,7,7,0,0,0,1,3.00,.500,https://www.mlb.com/player/571871
Randy Wolf,DET,--,--,54.00,--,--,--,--,--,--,0.1,1,3,2,0,0,1,1,6.00,.500,https://www.mlb.com/player/150116
Joe Thatcher,HOU,--,--,81.00,--,--,--,--,--,--,0.1,2,3,3,0,0,0,0,6.00,.667,https://www.mlb.com/player/491159
Michael Feliz,HOU,--,--,0.00,--,--,--,--,--,--,0.1,0,0,0,0,0,0,0,0.00,.000,https://www.mlb.com/player/593140
Edgar Ibarra,LAA,--,--,0.00,--,--,--,--,--,--,0.1,0,0,0,0,0,0,0,0.00,.000,https://www.mlb.com/player/500891
Cory Rasmus,LAA,--,--,0.00,--,--,--,--,--,--,0.1,0,0,0,0,0,1,0,3.00,.000,https://www.mlb.com/player/474284
Josh Ravin,LAD,--,--,54.00,--,--,--,--,--,--,0.1,1,2,2,0,0,2,1,9.00,.500,https://www.mlb.com/player/502051
Zach Lee,LAD,--,--,81.00,--,--,--,--,--,--,0.1,2,3,3,0,0,0,0,6.00,.667,https://www.mlb.com/player/545346
Carter Capps,MIA,--,--,0.00,--,--,--,--,--,--,0.1,2,0,0,0,0,0,0,6.00,.667,https://www.mlb.com/player/605169
Erik Cordier,MIA,--,--,27.00,--,--,--,--,--,--,0.1,0,1,1,0,0,0,0,0.00,.000,https://www.mlb.com/player/449170
Henderson Alvarez III,MIA,--,--,54.00,--,--,--,--,--,--,0.1,0,2,2,0,0,0,0,0.00,.000,https://www.mlb.com/player/506693
Tyler Cravy,MIL,--,--,135.00,--,--,--,--,--,--,0.1,2,5,5,0,0,0,1,6.00,.667,https://www.mlb.com/player/572788
Francisco Rodriguez,MIL,--,--,0.00,--,--,--,--,--,--,0.1,0,0,0,0,0,0,0,0.00,.000,https://www.mlb.com/player/408061
Brandon Kintzler,MIL,--,--,0.00,--,--,--,--,--,--,0.1,0,0,0,0,0,0,1,0.00,.000,https://www.mlb.com/player/445213
Preston Guilmet,MIL,--,--,27.00,--,--,--,--,--,--,0.1,0,1,1,0,0,0,0,0.00,.000,https://www.mlb.com/player/543258
Cesar Jimenez,MIL,--,--,108.00,--,--,--,--,--,--,0.1,1,4,4,1,0,1,0,6.00,.500,https://www.mlb.com/player/462945
Michael Blazek,MIL,--,--,27.00,--,--,--,--,--,--,0.1,1,1,1,0,0,0,0,3.00,1.000,https://www.mlb.com/player/518468
Ariel Pena,MIL,--,--,27.00,--,--,--,--,--,--,0.1,0,2,1,0,0,0,0,0.00,.000,https://www.mlb.com/player/516414
Zach Davies,MIL,--,--,81.00,--,--,--,--,--,--,0.1,1,3,3,0,0,0,0,3.00,.500,https://www.mlb.com/player/605200
Phil Hughes,MIN,--,--,108.00,--,--,--,--,--,--,0.1,1,4,4,1,0,0,0,3.00,.500,https://www.mlb.com/player/461833
Blaine Boyer,MIN,--,--,54.00,--,--,--,--,--,--,0.1,2,3,2,1,0,0,0,6.00,1.000,https://www.mlb.com/player/430641
A.J. Achter,MIN,--,--,81.00,--,--,--,--,--,--,0.1,1,3,3,1,0,0,1,3.00,.500,https://www.mlb.com/player/592091
Shane Robinson,MIN,--,--,0.00,--,--,--,--,--,--,0.1,0,0,0,0,0,1,0,3.00,.000,https://www.mlb.com/player/453203
Steven Matz,NYM,--,--,0.00,--,--,--,--,--,--,0.1,0,0,0,0,0,0,0,0.00,.000,https://www.mlb.com/player/571927
Dillon Gee,NYM,--,--,27.00,--,--,--,--,--,--,0.1,0,3,1,0,1,0,0,0.00,.000,https://www.mlb.com/player/518716
Caleb Cotham,NYY,--,--,0.00,--,--,--,--,--,--,0.1,0,0,0,0,0,0,0,0.00,.000,https://www.mlb.com/player/571584
Nick Goody,NYY,--,--,54.00,--,--,--,--,--,--,0.1,1,2,2,0,0,0,0,3.00,.500,https://www.mlb.com/player/580792
Esmil Rogers,NYY,--,--,135.00,--,--,--,--,--,--,0.1,1,5,5,0,0,0,1,3.00,.500,https://www.mlb.com/player/469134
Ryan Dull,OAK,--,--,108.00,--,--,--,--,--,--,0.1,1,4,4,1,0,0,1,3.00,.500,https://www.mlb.com/player/623430
Angel Castro,OAK,--,--,0.00,--,--,--,--,--,--,0.1,0,0,0,0,0,0,0,0.00,.000,https://www.mlb.com/player/502162
Sean Doolittle,OAK,--,--,0.00,--,--,--,--,--,--,0.1,0,0,0,0,0,0,0,0.00,.000,https://www.mlb.com/player/448281
Dustin McGowan,PHI,--,--,189.00,--,--,--,--,--,--,0.1,3,7,7,0,0,1,0,12.00,.750,https://www.mlb.com/player/430661
Colin Rea,SD,--,--,0.00,--,--,--,--,--,--,0.1,0,0,0,0,0,0,1,0.00,.000,https://www.mlb.com/player/607067
Caleb Thielbar,SD,--,--,0.00,--,--,--,--,--,--,0.1,0,0,0,0,0,0,0,0.00,.000,https://www.mlb.com/player/573204
Shawn Kelley,SD,--,--,81.00,--,--,--,--,--,--,0.1,3,5,3,0,0,1,0,12.00,1.000,https://www.mlb.com/player/518875
Sergio Romo,SF,--,--,0.00,--,--,--,--,--,--,0.1,1,1,0,0,0,0,0,3.00,.500,https://www.mlb.com/player/489265
Josh Osich,SF,--,--,0.00,--,--,--,--,--,--,0.1,0,1,0,0,0,0,0,0.00,.000,https://www.mlb.com/player/592612
Jeremy Affeldt,SF,--,--,0.00,--,--,--,--,--,--,0.1,0,0,0,0,0,0,0,0.00,.000,https://www.mlb.com/player/346793
Jake Peavy,SF,--,--,108.00,--,--,--,--,--,--,0.1,1,4,4,1,0,0,1,3.00,.500,https://www.mlb.com/player/408241
Cody Hall,SF,--,--,27.00,--,--,--,--,--,--,0.1,1,1,1,0,0,0,1,3.00,.500,https://www.mlb.com/player/595235
Kevin Gregg,SEA,--,--,54.00,--,--,--,--,--,--,0.1,1,2,2,0,0,0,1,3.00,.500,https://www.mlb.com/player/276514
Logan Kensing,SEA,--,--,81.00,--,--,--,--,--,--,0.1,0,3,3,0,0,1,0,3.00,.000,https://www.mlb.com/player/434137
David Rollins,SEA,--,--,108.00,--,--,--,--,--,--,0.1,2,4,4,0,0,0,0,6.00,.667,https://www.mlb.com/player/543716
Jose Ramirez,SEA,--,--,27.00,--,--,--,--,--,--,0.1,0,1,1,0,0,0,0,0.00,.000,https://www.mlb.com/player/542432
Mitch Harris,STL,--,--,0.00,--,--,--,--,--,--,0.1,0,0,0,0,0,0,0,0.00,.000,https://www.mlb.com/player/518771
Adam Wainwright,STL,--,--,0.00,--,--,--,--,--,--,0.1,0,0,0,0,0,0,0,0.00,.000,https://www.mlb.com/player/425794
Matt Belisle,STL,--,--,0.00,--,--,--,--,--,--,0.1,1,0,0,0,0,0,1,3.00,.500,https://www.mlb.com/player/279571
Drew Smyly,TB,--,--,0.00,--,--,--,--,--,--,0.1,0,0,0,0,0,0,1,0.00,.000,https://www.mlb.com/player/592767
Ernesto Frieri,TB,--,--,0.00,--,--,--,--,--,--,0.1,0,0,0,0,0,0,1,0.00,.000,https://www.mlb.com/player/457117
Enny Romero,TB,--,--,216.00,--,--,--,--,--,--,0.1,1,8,8,0,0,1,0,6.00,.500,https://www.mlb.com/player/544836
Grant Balfour,TB,--,--,81.00,--,--,--,--,--,--,0.1,1,3,3,1,0,0,0,3.00,1.000,https://www.mlb.com/player/346797
Andrew Bellatti,TB,--,--,0.00,--,--,--,--,--,--,0.1,1,0,0,0,0,0,0,3.00,.500,https://www.mlb.com/player/571479
Everett Teaford,TB,--,--,27.00,--,--,--,--,--,--,0.1,0,1,1,0,1,0,0,0.00,.000,https://www.mlb.com/player/501870
Phil Klein,TEX,--,--,27.00,--,--,--,--,--,--,0.1,0,1,1,0,0,0,0,0.00,.000,https://www.mlb.com/player/607309
Spencer Patton,TEX,--,--,189.00,--,--,--,--,--,--,0.1,2,7,7,2,0,0,0,6.00,.667,https://www.mlb.com/player/607359
Chad Smith,TEX,--,--,81.00,--,--,--,--,--,--,0.1,1,3,3,0,0,0,0,3.00,.500,https://www.mlb.com/player/605477
LaTroy Hawkins,TOR,--,--,0.00,--,--,--,--,--,--,0.1,0,0,0,0,0,0,0,0.00,.000,https://www.mlb.com/player/115629
Jeff Francis,TOR,--,--,27.00,--,--,--,--,--,--,0.1,0,1,1,0,0,0,0,0.00,.000,https://www.mlb.com/player/433585
Colt Hynes,TOR,--,--,0.00,--,--,--,--,--,--,0.1,0,0,0,0,0,0,0,0.00,.000,https://www.mlb.com/player/518833
Abel De Los Santos,WSH,--,--,0.00,--,--,--,--,--,--,0.1,0,0,0,0,0,0,0,0.00,.000,https://www.mlb.com/player/593582
David Carpenter,WSH,--,--,27.00,--,--,--,--,--,--,0.1,1,1,1,0,0,1,0,6.00,1.000,https://www.mlb.com/player/502304
Craig Stammen,WSH,--,--,0.00,--,--,--,--,--,--,0.1,1,0,0,0,0,0,0,3.00,1.000,https://www.mlb.com/player/489334
Matt Reynolds,ARI,--,--,-.--,--,--,--,--,--,--,0.0,2,1,1,1,0,0,0,-.--,1.000,https://www.mlb.com/player/519186
Adam Loewen,ARI,--,--,-.--,--,--,--,--,--,--,0.0,1,4,4,0,0,0,0,-.--,1.000,https://www.mlb.com/player/429400
Peter Moylan,ATL,--,--,-.--,--,--,--,--,--,--,0.0,1,1,1,0,0,0,0,-.--,.500,https://www.mlb.com/player/493247
Vin Mazzaro,ATL,--,--,-.--,--,--,--,--,--,--,0.0,1,3,3,0,0,0,0,-.--,1.000,https://www.mlb.com/player/476570
Ryan Weber,ATL,--,--,-.--,--,--,--,--,--,--,0.0,0,5,5,0,0,0,0,-,.000,https://www.mlb.com/player/543901
Jason Grilli,ATL,--,--,-.--,--,--,--,--,--,--,0.0,0,1,1,0,0,0,0,-,.000,https://www.mlb.com/player/276351
Steve Johnson,BAL,--,--,-.--,--,--,--,--,--,--,0.0,0,0,0,0,0,0,0,-,.000,https://www.mlb.com/player/489002
Anthony Varvaro,BOS,--,--,-.--,--,--,--,--,--,--,0.0,0,0,0,0,0,0,0,-,.000,https://www.mlb.com/player/460008
Rich Hill,BOS,--,--,-.--,--,--,--,--,--,--,0.0,0,0,0,0,0,0,0,-,.000,https://www.mlb.com/player/448179
Ryan Cook,BOS,--,--,-.--,--,--,--,--,--,--,0.0,0,6,6,0,0,0,0,-,.000,https://www.mlb.com/player/475857
Neil Ramirez,CHC,--,--,-.--,--,--,--,--,--,--,0.0,0,0,0,0,0,0,0,-,.000,https://www.mlb.com/player/519166
Nate Jones,CWS,--,--,-.--,--,--,--,--,--,--,0.0,0,0,0,0,0,0,0,-,.000,https://www.mlb.com/player/518858
Shaun Marcum,CLE,--,--,-.--,--,--,--,--,--,--,0.0,1,2,2,0,0,0,0,-.--,1.000,https://www.mlb.com/player/451788
Bruce Chen,CLE,--,--,-.--,--,--,--,--,--,--,0.0,0,1,1,0,0,0,0,-,.000,https://www.mlb.com/player/136600
Shawn Armstrong,CLE,--,--,-.--,--,--,--,--,--,--,0.0,0,0,0,0,0,0,0,-,.000,https://www.mlb.com/player/542888
Josh Tomlin,CLE,--,--,-.--,--,--,--,--,--,--,0.0,0,0,0,0,0,0,0,-,.000,https://www.mlb.com/player/458708
Adam Ottavino,COL,--,--,-.--,--,--,--,--,--,--,0.0,0,0,0,0,0,0,0,-,.000,https://www.mlb.com/player/493603
Buck Farmer,DET,--,--,-.--,--,--,--,--,--,--,0.0,1,3,3,0,0,0,0,-.--,1.000,https://www.mlb.com/player/571656
Jeff Ferrell,DET,--,--,-.--,--,--,--,--,--,--,0.0,0,0,0,0,0,0,0,-,.000,https://www.mlb.com/player/594815
Louis Coleman,KC,--,--,-.--,--,--,--,--,--,--,0.0,0,0,0,0,0,0,0,-,.000,https://www.mlb.com/player/488786
Michael Mariot,KC,--,--,-.--,--,--,--,--,--,--,0.0,0,0,0,0,0,0,0,-,.000,https://www.mlb.com/player/592527
David Murphy,LAA,--,--,-.--,--,--,--,--,--,--,0.0,1,5,0,1,1,0,0,-.--,1.000,https://www.mlb.com/player/461815
Juan Jaime,LAD,--,--,-.--,--,--,--,--,--,--,0.0,0,1,1,0,0,0,0,-,.000,https://www.mlb.com/player/462089
Brandon McCarthy,LAD,--,--,-.--,--,--,--,--,--,--,0.0,0,0,0,0,0,0,0,-,.000,https://www.mlb.com/player/435221
Eric Stults,LAD,--,--,-.--,--,--,--,--,--,--,0.0,1,6,6,0,0,1,0,-.--,1.000,https://www.mlb.com/player/445590
Brandon Beachy,LAD,--,--,-.--,--,--,--,--,--,--,0.0,2,5,5,0,0,0,0,-.--,1.000,https://www.mlb.com/player/545404
Yimi Garcia,LAD,--,--,-.--,--,--,--,--,--,--,0.0,0,1,1,0,0,1,0,-.--,.000,https://www.mlb.com/player/554340
Joe Wieland,LAD,--,--,-.--,--,--,--,--,--,--,0.0,0,1,1,0,0,0,0,-,.000,https://www.mlb.com/player/543921
Scott McGough,MIA,--,--,-.--,--,--,--,--,--,--,0.0,1,3,3,0,0,0,0,-.--,1.000,https://www.mlb.com/player/543518
Rob Wooten,MIL,--,--,-.--,--,--,--,--,--,--,0.0,0,0,0,0,0,0,0,-,.000,https://www.mlb.com/player/543942
Jorge Lopez,MIL,--,--,-.--,--,--,--,--,--,--,0.0,1,2,2,0,0,0,0,-.--,1.000,https://www.mlb.com/player/605347
Alex Meyer,MIN,--,--,-.--,--,--,--,--,--,--,0.0,1,1,1,0,0,0,0,-.--,1.000,https://www.mlb.com/player/543542
Eric O'Flaherty,NYM,--,--,-.--,--,--,--,--,--,--,0.0,0,4,4,0,0,0,0,-,.000,https://www.mlb.com/player/447714
Jack Leathersich,NYM,--,--,-.--,--,--,--,--,--,--,0.0,1,2,2,0,0,0,0,-.--,1.000,https://www.mlb.com/player/605333
Dario Alvarez,NYM,--,--,-.--,--,--,--,--,--,--,0.0,0,2,2,0,0,0,0,-,.000,https://www.mlb.com/player/516714
Nick Rumbelow,NYY,--,--,-.--,--,--,--,--,--,--,0.0,1,2,2,0,0,0,0,-.--,1.000,https://www.mlb.com/player/592705
Luis Severino,NYY,--,--,-.--,--,--,--,--,--,--,0.0,0,0,0,0,0,0,0,-,.000,https://www.mlb.com/player/622663
Matt Tracy,NYY,--,--,-.--,--,--,--,--,--,--,0.0,1,3,0,0,0,0,0,-.--,1.000,https://www.mlb.com/player/595441
Evan Scribner,OAK,--,--,-.--,--,--,--,--,--,--,0.0,2,0,0,0,0,0,0,-.--,1.000,https://www.mlb.com/player/519267
Barry Zito,OAK,--,--,-.--,--,--,--,--,--,--,0.0,0,0,0,0,0,0,0,-,.000,https://www.mlb.com/player/217096
Brad Mills,OAK,--,--,-.--,--,--,--,--,--,--,0.0,0,0,0,0,0,0,0,-,.000,https://www.mlb.com/player/502166
Severino Gonzalez,PHI,--,--,-.--,--,--,--,--,--,--,0.0,0,2,2,0,0,0,0,-,.000,https://www.mlb.com/player/605894
Chad Billingsley,PHI,--,--,-.--,--,--,--,--,--,--,0.0,0,0,0,0,0,0,0,-,.000,https://www.mlb.com/player/451532
Elvis Araujo,PHI,--,--,-.--,--,--,--,--,--,--,0.0,0,0,0,0,0,0,0,-,.000,https://www.mlb.com/player/542587
Jorge Rondon,PIT,--,--,-.--,--,--,--,--,--,--,0.0,0,4,2,0,0,0,0,-,.000,https://www.mlb.com/player/504083
Bobby LaFromboise,PIT,--,--,-.--,--,--,--,--,--,--,0.0,1,1,1,1,0,0,0,-.--,1.000,https://www.mlb.com/player/489039
Casey Kelly,SD,--,--,-.--,--,--,--,--,--,--,0.0,1,4,4,1,0,0,0,-.--,1.000,https://www.mlb.com/player/543391
Cory Mazzoni,SD,--,--,-.--,--,--,--,--,--,--,0.0,4,9,9,1,0,0,0,-.--,1.000,https://www.mlb.com/player/543508
Nick Vincent,SD,--,--,-.--,--,--,--,--,--,--,0.0,0,1,0,0,0,0,0,-,.000,https://www.mlb.com/player/543883
Jay Jackson,SD,--,--,-.--,--,--,--,--,--,--,0.0,0,1,1,0,0,0,0,-,.000,https://www.mlb.com/player/543351
Marcos Mateo,SD,--,--,-.--,--,--,--,--,--,--,0.0,0,2,0,0,0,0,0,-,.000,https://www.mlb.com/player/456496
Mike Broadway,SF,--,--,-.--,--,--,--,--,--,--,0.0,0,2,2,0,0,0,0,-,.000,https://www.mlb.com/player/458678
Charlie Furbush,SEA,--,--,-.--,--,--,--,--,--,--,0.0,0,2,2,0,0,0,0,-,.000,https://www.mlb.com/player/518703
Jesus Sucre,SEA,--,--,-.--,--,--,--,--,--,--,0.0,0,0,0,0,0,0,0,-,.000,https://www.mlb.com/player/491696
Tim Cooney,STL,--,--,-.--,--,--,--,--,--,--,0.0,0,0,0,0,0,0,0,-,.000,https://www.mlb.com/player/608641
Sam Tuivailala,STL,--,--,-.--,--,--,--,--,--,--,0.0,0,1,1,0,0,0,0,-,.000,https://www.mlb.com/player/592815
Kirby Yates,TB,--,--,-.--,--,--,--,--,--,--,0.0,0,0,0,0,0,0,0,-,.000,https://www.mlb.com/player/489446
Matt Andriese,TB,--,--,-.--,--,--,--,--,--,--,0.0,2,4,4,0,0,1,0,-.--,1.000,https://www.mlb.com/player/542882
Todd Redmond,TOR,--,--,-.--,--,--,--,--,--,--,0.0,2,6,6,1,0,0,0,-.--,1.000,https://www.mlb.com/player/445170
Marcus Stroman,TOR,--,--,-.--,--,--,--,--,--,--,0.0,0,0,0,0,0,0,0,-,.000,https://www.mlb.com/player/573186
Joe Ross,WSH,--,--,-.--,--,--,--,--,--,--,0.0,1,5,5,0,0,1,0,-.--,1.000,https://www.mlb.com/player/605452
Taylor Jordan,WSH,--,--,-.--,--,--,--,--,--,--,0.0,0,0,0,0,0,0,0,-,.000,https://www.mlb.com/player/518863
A.J. Cole,WSH,--,--,-.--,--,--,--,--,--,--,0.0,1,4,2,0,0,0,0,-.--,.500,https://www.mlb.com/player/595918
